content_hash,storage_path,member,detected,n_rows,reason,run_at
e8f903ee23ad343c97074564e78417cb0d025a259c7a1dcae464a853c16f6d0c,./data/blobs/e8/e8f903ee23ad343c97074564e78417cb0d025a259c7a1dcae464a853c16f6d0c.csv.gz,,tall_csv,1120,,2026-07-11T16:27:38
d50bc75e0cc7b035d797dbd8ae27bfcd4b677457c2894b95d37fad7633f271d2,./data/blobs/d5/d50bc75e0cc7b035d797dbd8ae27bfcd4b677457c2894b95d37fad7633f271d2.json.gz,,json,2844699,,2026-07-11T16:27:38
001e6733e7d6855c91413c40eb4f2490fe01b84dfad907e0f98fc60e2d279173,./data/blobs/00/001e6733e7d6855c91413c40eb4f2490fe01b84dfad907e0f98fc60e2d279173.json.gz,,json,2806883,,2026-07-11T16:27:38
4a2b2cfa148646e29a3dac0ddf34f38c6dc919bf648a6017cce598c3a64a3c1b,./data/blobs/4a/4a2b2cfa148646e29a3dac0ddf34f38c6dc919bf648a6017cce598c3a64a3c1b.json.gz,,json,2819925,,2026-07-11T16:27:38
8cca74763453431d6c15767dd344feefc7dd130dd3a0d0ec2a9361094ec27878,./data/blobs/8c/8cca74763453431d6c15767dd344feefc7dd130dd3a0d0ec2a9361094ec27878.json.gz,,json,3188119,,2026-07-11T16:27:38
20a65c2353680e47bc0632fe48228a50f80dd185d6d556dd72ea598cff606bd3,./data/blobs/20/20a65c2353680e47bc0632fe48228a50f80dd185d6d556dd72ea598cff606bd3.json.gz,,json,3186127,,2026-07-11T16:27:38
af9304c4ffe406a20ff098a63c7ba4adf9388ad9b2ee2badfda58c7ba763402d,./data/blobs/af/af9304c4ffe406a20ff098a63c7ba4adf9388ad9b2ee2badfda58c7ba763402d.csv.gz,,tall_csv,49496,,2026-07-11T16:27:38
8ddcb88711f4c7492493b7d63b6c6f74bfce4559fdc6a95e876ac867cec64eae,./data/blobs/8d/8ddcb88711f4c7492493b7d63b6c6f74bfce4559fdc6a95e876ac867cec64eae.csv.gz,,tall_csv,48046,,2026-07-11T16:27:38
2665e0cd871109708cb05f7f3681f93780781359219581844bbca8738ebcde3e,./data/blobs/26/2665e0cd871109708cb05f7f3681f93780781359219581844bbca8738ebcde3e.csv.gz,,tall_csv,47318,,2026-07-11T16:27:38
07825573d6dc1a5431549a001b73dc4aefb1117550115d975a481cbe10f55c74,./data/blobs/07/07825573d6dc1a5431549a001b73dc4aefb1117550115d975a481cbe10f55c74.csv.gz,,tall_csv,48849,,2026-07-11T16:27:38
850e5f835fa539792598eb39f8bc193ae8520ac19a7e343ebd7d2037f4a360aa,./data/blobs/85/850e5f835fa539792598eb39f8bc193ae8520ac19a7e343ebd7d2037f4a360aa.csv.gz,,tall_csv,23248,,2026-07-11T16:27:38
3b75640b237d9a051ceb7c9005530701c6ae2eab32c09c1ef4010c7a4487a07f,./data/blobs/3b/3b75640b237d9a051ceb7c9005530701c6ae2eab32c09c1ef4010c7a4487a07f.csv.gz,,tall_csv,74035,,2026-07-11T16:27:38
0fb7436dbb9c34225cb7aa87aca54c2b534fabe0af969823a852846c14736fe5,./data/blobs/0f/0fb7436dbb9c34225cb7aa87aca54c2b534fabe0af969823a852846c14736fe5.csv.gz,,tall_csv,92157,,2026-07-11T16:27:38
ea4581235d36dc8636afc24087982deb8fec7600c0958830a032e0881496abdf,./data/blobs/ea/ea4581235d36dc8636afc24087982deb8fec7600c0958830a032e0881496abdf.csv.gz,,tall_csv,74803,,2026-07-11T16:27:38
e33617de2b6cdcecaf649865a4a71dc79eb9aa4d7c8d007f4208888d119db1d5,./data/blobs/e3/e33617de2b6cdcecaf649865a4a71dc79eb9aa4d7c8d007f4208888d119db1d5.csv.gz,,tall_csv,150828,,2026-07-11T16:27:38
f9eb71e98c9c17763bd2af242eeec96b621c03dfd86eb3108d5b7a31bed92529,./data/blobs/f9/f9eb71e98c9c17763bd2af242eeec96b621c03dfd86eb3108d5b7a31bed92529.csv.gz,,tall_csv,87607,,2026-07-11T16:27:38
7cee27eb7ca280057a7ef18c28688d32d595a90d44f5fe226e5b6d38b54c3f99,./data/blobs/7c/7cee27eb7ca280057a7ef18c28688d32d595a90d44f5fe226e5b6d38b54c3f99.csv.gz,,tall_csv,134306,,2026-07-11T16:27:38
8eb70f229214e8e04f70d4ac37a1cc670c0a398d9d0cb1b08089794a222c0e0f,./data/blobs/8e/8eb70f229214e8e04f70d4ac37a1cc670c0a398d9d0cb1b08089794a222c0e0f.csv.gz,,tall_csv,67438,,2026-07-11T16:27:38
8c23cc2bd036c14d07e1a047870b63ee33f550ca5ce68bf8d73f6ceee12e3904,./data/blobs/8c/8c23cc2bd036c14d07e1a047870b63ee33f550ca5ce68bf8d73f6ceee12e3904.csv.gz,,tall_csv,27433,,2026-07-11T16:27:38
5a07326d85f9cd19a4d463d2b050bb81c04836af55377e3b6833d81599e62756,./data/blobs/5a/5a07326d85f9cd19a4d463d2b050bb81c04836af55377e3b6833d81599e62756.csv.gz,,tall_csv,73064,,2026-07-11T16:27:38
4a3caeb3872405ccf146de6e806be2a70c71da7cad0ed48cdd3788198cbfc809,./data/blobs/4a/4a3caeb3872405ccf146de6e806be2a70c71da7cad0ed48cdd3788198cbfc809.csv.gz,,tall_csv,29167,,2026-07-11T16:27:38
080bc93879c5f130b7bedb0db05b05447647c8b32da36ecfe8c7fc3fe1dfff20,./data/blobs/08/080bc93879c5f130b7bedb0db05b05447647c8b32da36ecfe8c7fc3fe1dfff20.csv.gz,,tall_csv,25908,,2026-07-11T16:27:38
01828f4d2cc4756622a8decd8a3fe8bf623ab20898c337726c2177b6e389da4f,./data/blobs/01/01828f4d2cc4756622a8decd8a3fe8bf623ab20898c337726c2177b6e389da4f.csv.gz,,tall_csv,26279,,2026-07-11T16:27:38
793e42a14f84821b1cdfa9cd8a5388525f1445c3210b88ebf20e347ca1fe8b74,./data/blobs/79/793e42a14f84821b1cdfa9cd8a5388525f1445c3210b88ebf20e347ca1fe8b74.csv.gz,,tall_csv,27636,,2026-07-11T16:27:38
df9eca8513182586d97ddcf886eae866690772c5f2fcc9fa7484b6398bbb9aeb,./data/blobs/df/df9eca8513182586d97ddcf886eae866690772c5f2fcc9fa7484b6398bbb9aeb.csv.gz,,tall_csv,94065,,2026-07-11T16:27:38
713c07b28bbdb1e443b8a0595bb69d9b956b81dbafae59e63bcfff8d4b9630d7,./data/blobs/71/713c07b28bbdb1e443b8a0595bb69d9b956b81dbafae59e63bcfff8d4b9630d7.csv.gz,,tall_csv,49307,,2026-07-11T16:27:38
57d40ecbe045bb739f8e5c43bebdac411c2c7ab5753436d365a324bc3e09ab04,./data/blobs/57/57d40ecbe045bb739f8e5c43bebdac411c2c7ab5753436d365a324bc3e09ab04.csv.gz,,tall_csv,94731,,2026-07-11T16:27:38
53c484f9622c0dbeb8fe2917fe259d441dab3b3402e216de1b60b506a54621e3,./data/blobs/53/53c484f9622c0dbeb8fe2917fe259d441dab3b3402e216de1b60b506a54621e3.csv.gz,,tall_csv,49109,,2026-07-11T16:27:38
52735c12a6d2ceb8fc704fc07e532648ab9cac94f67cfb0b202f45da630237e8,./data/blobs/52/52735c12a6d2ceb8fc704fc07e532648ab9cac94f67cfb0b202f45da630237e8.csv.gz,,tall_csv,52162,,2026-07-11T16:27:38
4525d2e51d5c2ec08b2809d98fb78b8b6fcb1d56018b8d749cec715162e2db37,./data/blobs/45/4525d2e51d5c2ec08b2809d98fb78b8b6fcb1d56018b8d749cec715162e2db37.csv.gz,,tall_csv,29688,,2026-07-11T16:27:38
e49f34b9f678fd95b40f5b89b2c5c1533631fe797fa82c6eb4b79b0f93b0cf3d,./data/blobs/e4/e49f34b9f678fd95b40f5b89b2c5c1533631fe797fa82c6eb4b79b0f93b0cf3d.csv.gz,,tall_csv,54818,,2026-07-11T16:27:38
28d670a787511c4279abd071c36d4043f697c5136cb99f1f37aaace64de9c154,./data/blobs/28/28d670a787511c4279abd071c36d4043f697c5136cb99f1f37aaace64de9c154.csv.gz,,tall_csv,69121,,2026-07-11T16:27:38
7f0f61a764dddb672795131d09f9db9d3d36e9d1945c6a21b0075c954f65be23,./data/blobs/7f/7f0f61a764dddb672795131d09f9db9d3d36e9d1945c6a21b0075c954f65be23.csv.gz,,tall_csv,52916,,2026-07-11T16:27:38
490728e39b686a6059c0102066f7496b95ae7c5492e947818b7324f5cc8460a6,./data/blobs/49/490728e39b686a6059c0102066f7496b95ae7c5492e947818b7324f5cc8460a6.csv.gz,,tall_csv,75189,,2026-07-11T16:27:38
b7fc1556c83fb9b0a6a5ccd8b6a53e0e3c3271910a9836ae238d8297246bb275,./data/blobs/b7/b7fc1556c83fb9b0a6a5ccd8b6a53e0e3c3271910a9836ae238d8297246bb275.csv.gz,,tall_csv,48405,,2026-07-11T16:27:38
2546b150af7047a77e5492f602779d0ff63cd5b942ee6ff8e9bf2ad98c706e9d,./data/blobs/25/2546b150af7047a77e5492f602779d0ff63cd5b942ee6ff8e9bf2ad98c706e9d.csv.gz,,tall_csv,109669,,2026-07-11T16:27:38
2893d1e90f8e2faaecc0446994c161a7c97dc6de2ca339fb3eb2920b0d1075e3,./data/blobs/28/2893d1e90f8e2faaecc0446994c161a7c97dc6de2ca339fb3eb2920b0d1075e3.csv.gz,,tall_csv,51019,,2026-07-11T16:27:38
d9487ddd51d97c9da71fd65ce3c06ccb10049440ba8f9064d5480282a611fbea,./data/blobs/d9/d9487ddd51d97c9da71fd65ce3c06ccb10049440ba8f9064d5480282a611fbea.csv.gz,,tall_csv,95914,,2026-07-11T16:27:38
be17222fdb31524c857daeb80df360cc5560ea2877a0aeef34585ca33facd863,./data/blobs/be/be17222fdb31524c857daeb80df360cc5560ea2877a0aeef34585ca33facd863.csv.gz,,tall_csv,94453,,2026-07-11T16:27:38
eb5a5f8b8e8745fc4a9a2828672577c1e1fa67d6ab7c579dbb3f281933188994,./data/blobs/eb/eb5a5f8b8e8745fc4a9a2828672577c1e1fa67d6ab7c579dbb3f281933188994.csv.gz,,tall_csv,26284,,2026-07-11T16:27:38
37fe02c80753b850dc52c4db96ff7d1c9ace17652adbc0bafc874a9b747e325f,./data/blobs/37/37fe02c80753b850dc52c4db96ff7d1c9ace17652adbc0bafc874a9b747e325f.csv.gz,,tall_csv,268686,,2026-07-11T16:27:38
1b72a8a12323fff972ed74c4a972e1903cfd85c7b94778f653898cdebcbe87f3,./data/blobs/1b/1b72a8a12323fff972ed74c4a972e1903cfd85c7b94778f653898cdebcbe87f3.csv.gz,,tall_csv,54992,,2026-07-11T16:27:38
efa1bf145524c9e2dc63959a90347afa9d4a7533e71c0ab7a4f6ac78e868edd7,./data/blobs/ef/efa1bf145524c9e2dc63959a90347afa9d4a7533e71c0ab7a4f6ac78e868edd7.csv.gz,,tall_csv,50995,,2026-07-11T16:27:38
f80d6a2737ac1f1a68824795cbaed6e62fa90ff728b78ac3fc42da192e6fb385,./data/blobs/f8/f80d6a2737ac1f1a68824795cbaed6e62fa90ff728b78ac3fc42da192e6fb385.csv.gz,,tall_csv,54420,,2026-07-11T16:27:38
938d6995519fa2a20785472877741ac6838352d9aa352dae5584795111ffebcf,./data/blobs/93/938d6995519fa2a20785472877741ac6838352d9aa352dae5584795111ffebcf.csv.gz,,tall_csv,67441,,2026-07-11T16:27:38
4e4800c6b3c1d6a419ebef484157fb84a8913c0fe51f0366066c70ac625aef3d,./data/blobs/4e/4e4800c6b3c1d6a419ebef484157fb84a8913c0fe51f0366066c70ac625aef3d.csv.gz,,tall_csv,67441,,2026-07-11T16:27:38
3a4c05f1673942330df6251db709724e4cc895f71dbe7263e1a647706dc49d0e,./data/blobs/3a/3a4c05f1673942330df6251db709724e4cc895f71dbe7263e1a647706dc49d0e.csv.gz,,tall_csv,113749,,2026-07-11T16:27:38
bb92bd1a42a260658280dd0a0c6084a0b94975cff388612f95d7109cf591b903,./data/blobs/bb/bb92bd1a42a260658280dd0a0c6084a0b94975cff388612f95d7109cf591b903.csv.gz,,tall_csv,33484,,2026-07-11T16:27:38
00e84296754b47533946d3bf8f51a22b3a54d9b151636c05ad076947fd20a49c,./data/blobs/00/00e84296754b47533946d3bf8f51a22b3a54d9b151636c05ad076947fd20a49c.csv.gz,,tall_csv,48153,,2026-07-11T16:27:38
8b38cbd2186082f3d97cc218507de24e9c48e05cf43e0663f846df26190b42d1,./data/blobs/8b/8b38cbd2186082f3d97cc218507de24e9c48e05cf43e0663f846df26190b42d1.csv.gz,,tall_csv,46069,,2026-07-11T16:27:38
e019ddd5b6fc4df89ee8ce2f8064730016647ff6c09001f61eea698dccbc9120,./data/blobs/e0/e019ddd5b6fc4df89ee8ce2f8064730016647ff6c09001f61eea698dccbc9120.csv.gz,,tall_csv,50717,,2026-07-11T16:27:38
684fb1788f3aa21e756ddc3d05046fc1bcdb80ea412e969efd82df77e17e2593,./data/blobs/68/684fb1788f3aa21e756ddc3d05046fc1bcdb80ea412e969efd82df77e17e2593.csv.gz,,tall_csv,24791,,2026-07-11T16:27:38
6eaa9e615d93b45b583a73ff519070a9db0e49ea4d4441a2149a67a01bcecb29,./data/blobs/6e/6eaa9e615d93b45b583a73ff519070a9db0e49ea4d4441a2149a67a01bcecb29.csv.gz,,tall_csv,46508,,2026-07-11T16:27:38
2ccaae651cb80bfeaabe4db2c3eebac025f781dc55649e2c49a6890c11af76b6,./data/blobs/2c/2ccaae651cb80bfeaabe4db2c3eebac025f781dc55649e2c49a6890c11af76b6.csv.gz,,tall_csv,96011,,2026-07-11T16:27:38
63d6f3b626574aac58b768285fbe9868bf77b4d5751e8c3268e67cc76c52d886,./data/blobs/63/63d6f3b626574aac58b768285fbe9868bf77b4d5751e8c3268e67cc76c52d886.csv.gz,,tall_csv,156178,,2026-07-11T16:27:38
b6a4e128da3c2d2d5a71d9b1a20ca8518ee6cafa9f6ff6b1f455402c0c7e0ff3,./data/blobs/b6/b6a4e128da3c2d2d5a71d9b1a20ca8518ee6cafa9f6ff6b1f455402c0c7e0ff3.csv.gz,,tall_csv,26487,,2026-07-11T16:27:38
89ea6c4aa6951a857c12a5f0abfcc13342a7e1fae5be646ad0c1bd7788ae50b4,./data/blobs/89/89ea6c4aa6951a857c12a5f0abfcc13342a7e1fae5be646ad0c1bd7788ae50b4.csv.gz,,tall_csv,25800,,2026-07-11T16:27:38
77bd02fb12b0eefe347051a891cf80494d8a1c459b80fe6ea824c16f193b3049,./data/blobs/77/77bd02fb12b0eefe347051a891cf80494d8a1c459b80fe6ea824c16f193b3049.csv.gz,,tall_csv,24388,,2026-07-11T16:27:38
aaf1e5ffe0b913bb3bc05bf02a5e74dad6a30e5d10bd8bf4584661c42515ab15,./data/blobs/aa/aaf1e5ffe0b913bb3bc05bf02a5e74dad6a30e5d10bd8bf4584661c42515ab15.csv.gz,,tall_csv,47987,,2026-07-11T16:27:38
b8052611ea954a8f65902bcabbad3effc6d0a936baa5c0da28bd72c40f48dca5,./data/blobs/b8/b8052611ea954a8f65902bcabbad3effc6d0a936baa5c0da28bd72c40f48dca5.csv.gz,,tall_csv,25924,,2026-07-11T16:27:38
cf42a21829587fae9e68ffd56a746a9bb613c480b085ddb2f8e69252d1bcd5cd,./data/blobs/cf/cf42a21829587fae9e68ffd56a746a9bb613c480b085ddb2f8e69252d1bcd5cd.csv.gz,,tall_csv,75044,,2026-07-11T16:27:38
327f503d29b5a0cdfd23733f72afaf98b8d98061a71ddb1123c0d6d7da882858,./data/blobs/32/327f503d29b5a0cdfd23733f72afaf98b8d98061a71ddb1123c0d6d7da882858.csv.gz,,tall_csv,73049,,2026-07-11T16:27:38
50ac6975affc8ca618bdf69d5eed786999904c3d4f6e20066a9bbadf1bc601ae,./data/blobs/50/50ac6975affc8ca618bdf69d5eed786999904c3d4f6e20066a9bbadf1bc601ae.csv.gz,,tall_csv,47250,,2026-07-11T16:27:38
dd9e329f810cdb1c5af382e4ff7b722c1cdd294dda89e072130ef58b62d9b070,./data/blobs/dd/dd9e329f810cdb1c5af382e4ff7b722c1cdd294dda89e072130ef58b62d9b070.csv.gz,,tall_csv,50452,,2026-07-11T16:27:38
5db74484d7d16753a14800c14f1dcd2ec65951e825e5cb27fa3d685b100572c5,./data/blobs/5d/5db74484d7d16753a14800c14f1dcd2ec65951e825e5cb27fa3d685b100572c5.csv.gz,,tall_csv,70637,,2026-07-11T16:27:38
3b606a6e78db3d7dbe2fb35043a57ea476b3117d23a4e9f36584db0f73813ffe,./data/blobs/3b/3b606a6e78db3d7dbe2fb35043a57ea476b3117d23a4e9f36584db0f73813ffe.csv.gz,,tall_csv,157484,,2026-07-11T16:27:38
087da8fd14f21be4cf3593d486cf51c9809d6becb1f995a78583a818d1e5253a,./data/blobs/08/087da8fd14f21be4cf3593d486cf51c9809d6becb1f995a78583a818d1e5253a.csv.gz,,tall_csv,133752,,2026-07-11T16:27:38
8d6185c9297d6f9ce0ed7df4c2819f50bfc5363eade475b4f57b77894d82924b,./data/blobs/8d/8d6185c9297d6f9ce0ed7df4c2819f50bfc5363eade475b4f57b77894d82924b.csv.gz,,tall_csv,71528,,2026-07-11T16:27:38
9b3c71f35745d7661c078cb4fa8835aeaa3793f0a8724c58676004a70027d4d7,./data/blobs/9b/9b3c71f35745d7661c078cb4fa8835aeaa3793f0a8724c58676004a70027d4d7.csv.gz,,tall_csv,27045,,2026-07-11T16:27:38
86a63030ee0fa8bc0ce1ac9246e24789fd24b8661a48b6b3105dadb3d3eccd98,./data/blobs/86/86a63030ee0fa8bc0ce1ac9246e24789fd24b8661a48b6b3105dadb3d3eccd98.csv.gz,,tall_csv,50330,,2026-07-11T16:27:38
24f26b7e247eb899ecbdf05f65a4ae2fc6e0e8093b3ab507d9ce4c107aa4a86e,./data/blobs/24/24f26b7e247eb899ecbdf05f65a4ae2fc6e0e8093b3ab507d9ce4c107aa4a86e.csv.gz,,tall_csv,73039,,2026-07-11T16:27:38
9d6431efc5f4f3bf46de41dc8e39a96ed365d0454854ee4550372e4b23f4e094,./data/blobs/9d/9d6431efc5f4f3bf46de41dc8e39a96ed365d0454854ee4550372e4b23f4e094.csv.gz,,tall_csv,27540,,2026-07-11T16:27:38
1e63373bb93c9da92a4abe1e512c88925b2320cb87199d67d80ab2b2cb40c524,./data/blobs/1e/1e63373bb93c9da92a4abe1e512c88925b2320cb87199d67d80ab2b2cb40c524.csv.gz,,tall_csv,49199,,2026-07-11T16:27:38
e4cb5899593e8a65dcdd503ad25038d8e63492fdc330f84bfcd369bf01ae10f1,./data/blobs/e4/e4cb5899593e8a65dcdd503ad25038d8e63492fdc330f84bfcd369bf01ae10f1.csv.gz,,tall_csv,88589,,2026-07-11T16:27:38
72c2dee3ead0eb601a743485d731d032a70e061dd10c30710b15c99e5538e958,./data/blobs/72/72c2dee3ead0eb601a743485d731d032a70e061dd10c30710b15c99e5538e958.csv.gz,,tall_csv,88589,,2026-07-11T16:27:38
21583ae07592460f01c3ddef71a676b2a30f5756af7db0ff0481c8b69509186a,./data/blobs/21/21583ae07592460f01c3ddef71a676b2a30f5756af7db0ff0481c8b69509186a.csv.gz,,tall_csv,49930,,2026-07-11T16:27:38
5b42bb0ea29f9217cf8206a46df6804800d853d2fc5b411b1d15d65c102e650a,./data/blobs/5b/5b42bb0ea29f9217cf8206a46df6804800d853d2fc5b411b1d15d65c102e650a.csv.gz,,tall_csv,51142,,2026-07-11T16:27:38
bd8dc703a1ec2667a8bb3ef55e225b8cec0d6a1b49e69b7b31fc659fe75b69ca,./data/blobs/bd/bd8dc703a1ec2667a8bb3ef55e225b8cec0d6a1b49e69b7b31fc659fe75b69ca.csv.gz,,tall_csv,28196,,2026-07-11T16:27:38
a49a734c753c5a598c28c9c1e1cd5d7ad1fb11afd35a84e3ab3c81c67d27eb70,./data/blobs/a4/a49a734c753c5a598c28c9c1e1cd5d7ad1fb11afd35a84e3ab3c81c67d27eb70.csv.gz,,tall_csv,26934,,2026-07-11T16:27:38
aa827b11caa3a8e6685c8be1e64448c95027cebe1c76d8e4a8312ae8646ca42c,./data/blobs/aa/aa827b11caa3a8e6685c8be1e64448c95027cebe1c76d8e4a8312ae8646ca42c.csv.gz,,tall_csv,71572,,2026-07-11T16:27:38
51bb4612d7110c5add9a37ee3871b18d041347f89dc220f212e6d9b6386cc27c,./data/blobs/51/51bb4612d7110c5add9a37ee3871b18d041347f89dc220f212e6d9b6386cc27c.csv.gz,,tall_csv,88767,,2026-07-11T16:27:38
175ea61c3a339b3d98e6a56ce6494b3a39db913acfae8fd55700b8d56249cb6c,./data/blobs/17/175ea61c3a339b3d98e6a56ce6494b3a39db913acfae8fd55700b8d56249cb6c.csv.gz,,tall_csv,69754,,2026-07-11T16:27:38
fc68ab4aded76ff43cf72c22590e6d58d81a18833ab21c79197bb36d0c0a6e66,./data/blobs/fc/fc68ab4aded76ff43cf72c22590e6d58d81a18833ab21c79197bb36d0c0a6e66.csv.gz,,tall_csv,197081,,2026-07-11T16:27:38
402c8dd562a0b98cd9050ffbffcbeeb0ebbb5279123fb14e5e8776ca26e86926,./data/blobs/40/402c8dd562a0b98cd9050ffbffcbeeb0ebbb5279123fb14e5e8776ca26e86926.csv.gz,,tall_csv,51203,,2026-07-11T16:27:38
c63f7e99f09309ffa19e6c8164b34b6dd7136daec7439fd167f3a508c7f7b911,./data/blobs/c6/c63f7e99f09309ffa19e6c8164b34b6dd7136daec7439fd167f3a508c7f7b911.csv.gz,,tall_csv,72424,,2026-07-11T16:27:38
cc71c528a7f40852f7c9415ea0e08ff387e7a5988d5c84c46b8a62d461882e15,./data/blobs/cc/cc71c528a7f40852f7c9415ea0e08ff387e7a5988d5c84c46b8a62d461882e15.csv.gz,,tall_csv,25500,,2026-07-11T16:27:38
60c8c208c3b9b23392d1741679f65803a3196850f83c8f2fb60262073c9af343,./data/blobs/60/60c8c208c3b9b23392d1741679f65803a3196850f83c8f2fb60262073c9af343.csv.gz,,tall_csv,196083,,2026-07-11T16:27:38
a8e72ac2a839cdae0ac59e067ff47b85fe241f7bcf6bf9059adc8a9c3776548f,./data/blobs/a8/a8e72ac2a839cdae0ac59e067ff47b85fe241f7bcf6bf9059adc8a9c3776548f.csv.gz,,tall_csv,109700,,2026-07-11T16:27:38
3b9477b23111d574929d5d0a579c495c609c17540778287e74a5882f32aedff5,./data/blobs/3b/3b9477b23111d574929d5d0a579c495c609c17540778287e74a5882f32aedff5.csv.gz,,tall_csv,68916,,2026-07-11T16:27:38
5a4371d352cc6f2864ca45758fb800a228292f28fc352737f5526ae97d3f893a,./data/blobs/5a/5a4371d352cc6f2864ca45758fb800a228292f28fc352737f5526ae97d3f893a.csv.gz,,tall_csv,54035,,2026-07-11T16:27:38
215af4d9c5d4b66b90598343ea77f4b216526d2eed7389bbf85a08281d8040dc,./data/blobs/21/215af4d9c5d4b66b90598343ea77f4b216526d2eed7389bbf85a08281d8040dc.csv.gz,,tall_csv,72092,,2026-07-11T16:27:38
03260094c71dbfdd1c2302f3333fb30bfc33e16251a38007eaaef4347cef4d3f,./data/blobs/03/03260094c71dbfdd1c2302f3333fb30bfc33e16251a38007eaaef4347cef4d3f.csv.gz,,tall_csv,31607,,2026-07-11T16:27:38
7a7948c6feaf2e9dc1ca2208ba06b458f381944cb23cf4e35b764afe7c15103e,./data/blobs/7a/7a7948c6feaf2e9dc1ca2208ba06b458f381944cb23cf4e35b764afe7c15103e.csv.gz,,tall_csv,50272,,2026-07-11T16:27:38
606b952d583af88ca02a21f7503d15c69b1cf740561233b4c053e372fa027cb8,./data/blobs/60/606b952d583af88ca02a21f7503d15c69b1cf740561233b4c053e372fa027cb8.csv.gz,,tall_csv,26309,,2026-07-11T16:27:38
b867b24c3cb565aae003444078f72487c6dac5204b4caf2e1f30f8094109a530,./data/blobs/b8/b867b24c3cb565aae003444078f72487c6dac5204b4caf2e1f30f8094109a530.csv.gz,,tall_csv,26286,,2026-07-11T16:27:38
9e614af3aa2ca0a02926e3a4b708fb58cddd06bd26af4a610f7a6b0d0f56c099,./data/blobs/9e/9e614af3aa2ca0a02926e3a4b708fb58cddd06bd26af4a610f7a6b0d0f56c099.csv.gz,,tall_csv,90076,,2026-07-11T16:27:38
4d69eb27c44358d228ce3499fba1f4d04ffd9fd072cdf33839464c368e9be279,./data/blobs/4d/4d69eb27c44358d228ce3499fba1f4d04ffd9fd072cdf33839464c368e9be279.csv.gz,,tall_csv,50066,,2026-07-11T16:27:38
b1c91592ea82c604de488524a800cf5d9ee111c3f2f5a9b2b84e685537aded6c,./data/blobs/b1/b1c91592ea82c604de488524a800cf5d9ee111c3f2f5a9b2b84e685537aded6c.csv.gz,,tall_csv,48956,,2026-07-11T16:27:38
61f8f9d99c46b3a7a4c3d6abc07cdce2f78b15d3a042a5d92349914c1a714e91,./data/blobs/61/61f8f9d99c46b3a7a4c3d6abc07cdce2f78b15d3a042a5d92349914c1a714e91.csv.gz,,tall_csv,54552,,2026-07-11T16:27:38
20c728d63eebab31a476a0cd2194660140aa3c3050843ebebd6297e7728334c5,./data/blobs/20/20c728d63eebab31a476a0cd2194660140aa3c3050843ebebd6297e7728334c5.csv.gz,,tall_csv,25132,,2026-07-11T16:27:38
4d701d9c069f79a0e6f87747798068ee99f255ffb17a0b1c1a53a6e93a175d50,./data/blobs/4d/4d701d9c069f79a0e6f87747798068ee99f255ffb17a0b1c1a53a6e93a175d50.csv.gz,,tall_csv,27419,,2026-07-11T16:27:38
36a8a2ab404a3a3914fb7c03cf42fe45033b360e93dd23ba990a21d1206e2c9d,./data/blobs/36/36a8a2ab404a3a3914fb7c03cf42fe45033b360e93dd23ba990a21d1206e2c9d.csv.gz,,tall_csv,50016,,2026-07-11T16:27:38
e4716b769eb34d7fb99ac57e261f25fbef3511b82946d9d078525661f744e6da,./data/blobs/e4/e4716b769eb34d7fb99ac57e261f25fbef3511b82946d9d078525661f744e6da.csv.gz,,tall_csv,25159,,2026-07-11T16:27:38
4e1c71cd65293d0f29069fdf7f44470eab2674ef31834a5e8c44956ed020c499,./data/blobs/4e/4e1c71cd65293d0f29069fdf7f44470eab2674ef31834a5e8c44956ed020c499.csv.gz,,tall_csv,25155,,2026-07-11T16:27:38
897880d91a925a2026c1c009612353c2bbe83959c4d689cf5d13034bf187ecdd,./data/blobs/89/897880d91a925a2026c1c009612353c2bbe83959c4d689cf5d13034bf187ecdd.csv.gz,,tall_csv,47221,,2026-07-11T16:27:38
c8b037ca7b14ef6f3a42a641ecabc8671b23255dc285c616f44420e9f9127903,./data/blobs/c8/c8b037ca7b14ef6f3a42a641ecabc8671b23255dc285c616f44420e9f9127903.csv.gz,,tall_csv,24388,,2026-07-11T16:27:38
e9ed51e927bb667d55f4c00d6cb66eb2bb4c0d3b8cd71b9e6f54e4e54692fd98,./data/blobs/e9/e9ed51e927bb667d55f4c00d6cb66eb2bb4c0d3b8cd71b9e6f54e4e54692fd98.csv.gz,,tall_csv,45741,,2026-07-11T16:27:38
d51fa0d2326def7357e9c5786cc4b6dff6a36f8e83dff80fe45bbbf3ce794830,./data/blobs/d5/d51fa0d2326def7357e9c5786cc4b6dff6a36f8e83dff80fe45bbbf3ce794830.csv.gz,,tall_csv,67677,,2026-07-11T16:27:38
9aae13649c72fe501dcfc988a8fea6d7a7c7fb931a7c905f579181f27fdf9f4b,./data/blobs/9a/9aae13649c72fe501dcfc988a8fea6d7a7c7fb931a7c905f579181f27fdf9f4b.csv.gz,,tall_csv,111581,,2026-07-11T16:27:38
d0d616998a135707e594a96eeaccaf031fa3eccda982cb44abee4fdf18374829,./data/blobs/d0/d0d616998a135707e594a96eeaccaf031fa3eccda982cb44abee4fdf18374829.csv.gz,,tall_csv,31997,,2026-07-11T16:27:38
2ad31dfa047b95aad588aa2ad1b046ddf7983888f91f7f8f289586329491301c,./data/blobs/2a/2ad31dfa047b95aad588aa2ad1b046ddf7983888f91f7f8f289586329491301c.csv.gz,,tall_csv,31628,,2026-07-11T16:27:38
bea990f7c34e140d88877f767b2874309b9a2a9d77853f8b76c646409a95b3c6,./data/blobs/be/bea990f7c34e140d88877f767b2874309b9a2a9d77853f8b76c646409a95b3c6.csv.gz,,tall_csv,94468,,2026-07-11T16:27:38
dabbc371fb3361235053b1afd90bd36d37e377ddde7efed2f7005c3ba7263c67,./data/blobs/da/dabbc371fb3361235053b1afd90bd36d37e377ddde7efed2f7005c3ba7263c67.csv.gz,,tall_csv,93657,,2026-07-11T16:27:38
710e95d417d403095dab6a6f83817a0138132527203a9a8930bdace3973b5e3e,./data/blobs/71/710e95d417d403095dab6a6f83817a0138132527203a9a8930bdace3973b5e3e.csv.gz,,tall_csv,95184,,2026-07-11T16:27:38
7b00f824b6c7a4700a606d07ef23f6a71a244f23158e8c9e9080de9b9191cef7,./data/blobs/7b/7b00f824b6c7a4700a606d07ef23f6a71a244f23158e8c9e9080de9b9191cef7.csv.gz,,tall_csv,71227,,2026-07-11T16:27:38
9ab91c330fd8a4d69f81063c91675bee6b55bf931595d71ee940f36389f95f94,./data/blobs/9a/9ab91c330fd8a4d69f81063c91675bee6b55bf931595d71ee940f36389f95f94.csv.gz,,tall_csv,25147,,2026-07-11T16:27:38
e775b2b8b667a225134a922055b088e8416982d45105b23213e08db2507d1a08,./data/blobs/e7/e775b2b8b667a225134a922055b088e8416982d45105b23213e08db2507d1a08.csv.gz,,tall_csv,67527,,2026-07-11T16:27:38
ca162193219751f56f981b73aab0e771b34840477ad85517c56e7f4ee58f3bea,./data/blobs/ca/ca162193219751f56f981b73aab0e771b34840477ad85517c56e7f4ee58f3bea.csv.gz,,tall_csv,91863,,2026-07-11T16:27:38
9d5df4102a2fb7376b3498a508f7d530f46eb926259fdecfa48c7961aa7aaea6,./data/blobs/9d/9d5df4102a2fb7376b3498a508f7d530f46eb926259fdecfa48c7961aa7aaea6.csv.gz,,tall_csv,91863,,2026-07-11T16:27:38
5699ba316f129c750408066d876a45aed98f90c96f024923a243b9e81b10358f,./data/blobs/56/5699ba316f129c750408066d876a45aed98f90c96f024923a243b9e81b10358f.csv.gz,,tall_csv,91863,,2026-07-11T16:27:38
fb4635be2c3c5bf120a60c9508b81f941e1c8e52bf648a773ed2fd216497b9c0,./data/blobs/fb/fb4635be2c3c5bf120a60c9508b81f941e1c8e52bf648a773ed2fd216497b9c0.csv.gz,,tall_csv,30828,,2026-07-11T16:27:38
e51cffd59bb7bbc373a344b58f30d893d048124674876ede6a39e131758d3df5,./data/blobs/e5/e51cffd59bb7bbc373a344b58f30d893d048124674876ede6a39e131758d3df5.csv.gz,,tall_csv,25881,,2026-07-11T16:27:38
995e001bd266745e7af73a5214ce19c16027c615e0cea1e5b06463c1751324f9,./data/blobs/99/995e001bd266745e7af73a5214ce19c16027c615e0cea1e5b06463c1751324f9.csv.gz,,tall_csv,91996,,2026-07-11T16:27:38
a6ae2f4719a211315543e8fd81b8fca196ad29b21e3aadcdcc00e81a647dd7ad,./data/blobs/a6/a6ae2f4719a211315543e8fd81b8fca196ad29b21e3aadcdcc00e81a647dd7ad.csv.gz,,tall_csv,109711,,2026-07-11T16:27:38
2f6073a2368e748294501b458b1f5d272da664cfcd873237fc9eb5003b98c838,./data/blobs/2f/2f6073a2368e748294501b458b1f5d272da664cfcd873237fc9eb5003b98c838.csv.gz,,tall_csv,301841,,2026-07-11T16:27:38
525376f4ac73a3bbe575b82a37a8a65d819a03b80d0cd4d711f3669d04e22b85,./data/blobs/52/525376f4ac73a3bbe575b82a37a8a65d819a03b80d0cd4d711f3669d04e22b85.csv.gz,,tall_csv,301841,,2026-07-11T16:27:38
26b89b2e376b5d356fcfcff347adf4621d244fb251047c0050cb5d11fd37eee0,./data/blobs/26/26b89b2e376b5d356fcfcff347adf4621d244fb251047c0050cb5d11fd37eee0.csv.gz,,tall_csv,90173,,2026-07-11T16:27:38
c3a0379bf493f96f3ccea450d44cb872dc1c12bed94cbd8ed21892d568510f7b,./data/blobs/c3/c3a0379bf493f96f3ccea450d44cb872dc1c12bed94cbd8ed21892d568510f7b.csv.gz,,tall_csv,48466,,2026-07-11T16:27:38
801cbcfe297d6907d15aeddb024b902856d578272369837d0fe124d8e8a66251,./data/blobs/80/801cbcfe297d6907d15aeddb024b902856d578272369837d0fe124d8e8a66251.csv.gz,,tall_csv,69340,,2026-07-11T16:27:38
7f464d4ffb671f9327f9086ae61be8d230a2becb190018d11b0e9ef5ff49b8ca,./data/blobs/7f/7f464d4ffb671f9327f9086ae61be8d230a2becb190018d11b0e9ef5ff49b8ca.csv.gz,,tall_csv,50705,,2026-07-11T16:27:38
5c3853dbceb7a0feeaf2345fc7c3cf21521218afc3134184a5a2c416fca50e2d,./data/blobs/5c/5c3853dbceb7a0feeaf2345fc7c3cf21521218afc3134184a5a2c416fca50e2d.csv.gz,,tall_csv,26672,,2026-07-11T16:27:38
327b6009b3945dc02defd217ea20cd1649e8f7095af149f4fbe90c617306bbab,./data/blobs/32/327b6009b3945dc02defd217ea20cd1649e8f7095af149f4fbe90c617306bbab.csv.gz,,tall_csv,77960,,2026-07-11T16:27:38
c841a3eb061b572129847361d26fb9c2824e8d1675d2ef22de42f3b77af6741f,./data/blobs/c8/c841a3eb061b572129847361d26fb9c2824e8d1675d2ef22de42f3b77af6741f.csv.gz,,tall_csv,68946,,2026-07-11T16:27:38
365e2ca05297faed14d2cd11da3495f4aafee9179faa1a8f1f6c33f7873a9a19,./data/blobs/36/365e2ca05297faed14d2cd11da3495f4aafee9179faa1a8f1f6c33f7873a9a19.csv.gz,,tall_csv,68946,,2026-07-11T16:27:38
79a27d02f284b6fc1feac82b2d9f004417af51984416abf87e87cd009f83a687,./data/blobs/79/79a27d02f284b6fc1feac82b2d9f004417af51984416abf87e87cd009f83a687.csv.gz,,tall_csv,27049,,2026-07-11T16:27:38
393e7f88c4e5332eb63f064ad38e4899cc5a7a128cffb74d1a91fa59b829d837,./data/blobs/39/393e7f88c4e5332eb63f064ad38e4899cc5a7a128cffb74d1a91fa59b829d837.csv.gz,,tall_csv,27629,,2026-07-11T16:27:38
eb2ec908bdc1d06c76ea45ce9f7f1d736cc6ee5c40df4135e1709a3b8cb276d2,./data/blobs/eb/eb2ec908bdc1d06c76ea45ce9f7f1d736cc6ee5c40df4135e1709a3b8cb276d2.csv.gz,,tall_csv,25245,,2026-07-11T16:27:38
906cffd87e1db420c394fa09b59d485a2d8ecbfac3810dfeaf6752c7fd72cc1d,./data/blobs/90/906cffd87e1db420c394fa09b59d485a2d8ecbfac3810dfeaf6752c7fd72cc1d.csv.gz,,tall_csv,152799,,2026-07-11T16:27:38
0ab95f62f1f74c4d5720a8d258be3075ef5fdf6991f23b813824e45ececbff33,./data/blobs/0a/0ab95f62f1f74c4d5720a8d258be3075ef5fdf6991f23b813824e45ececbff33.csv.gz,,tall_csv,45738,,2026-07-11T16:27:38
cf8128dbaa75d16e40c4b3a080899256e41ecb475534abdd80ff4bd5558526ed,./data/blobs/cf/cf8128dbaa75d16e40c4b3a080899256e41ecb475534abdd80ff4bd5558526ed.csv.gz,,tall_csv,51401,,2026-07-11T16:27:38
f3d60db15cdf6e3683a8662b5c5c1cc8368bd0c2ea5e788723415b427e1f1b62,./data/blobs/f3/f3d60db15cdf6e3683a8662b5c5c1cc8368bd0c2ea5e788723415b427e1f1b62.csv.gz,,tall_csv,68971,,2026-07-11T16:27:38
63ba9e3e53071adaffa3642ebbf021bbcfedbb63f6f7dbab36988c523972c578,./data/blobs/63/63ba9e3e53071adaffa3642ebbf021bbcfedbb63f6f7dbab36988c523972c578.csv.gz,,tall_csv,33520,,2026-07-11T16:27:38
14524f1d7b0edc7f4721e58fe86d74970e243bafb69101ff3a7008e0e68b716d,./data/blobs/14/14524f1d7b0edc7f4721e58fe86d74970e243bafb69101ff3a7008e0e68b716d.csv.gz,,tall_csv,112404,,2026-07-11T16:27:38
cbeba585f5c2f80896d2a948bb2cb4af6f590b0abbf630d388cee53f6072178a,./data/blobs/cb/cbeba585f5c2f80896d2a948bb2cb4af6f590b0abbf630d388cee53f6072178a.csv.gz,,tall_csv,33502,,2026-07-11T16:27:38
d7ef4874adff62e4dc6ba246b7594a952e3352408ea2a393f745548c177791c8,./data/blobs/d7/d7ef4874adff62e4dc6ba246b7594a952e3352408ea2a393f745548c177791c8.csv.gz,,tall_csv,46870,,2026-07-11T16:27:38
6f6d1169d5237f831ebcdb5d0555081b5213e4c49c7252538ac6192bd41ba063,./data/blobs/6f/6f6d1169d5237f831ebcdb5d0555081b5213e4c49c7252538ac6192bd41ba063.csv.gz,,tall_csv,28541,,2026-07-11T16:27:38
f74ad97d6659dce2b4df62265f422d0dd0e5a4443d8de905ea3ac82e5a39ff52,./data/blobs/f7/f74ad97d6659dce2b4df62265f422d0dd0e5a4443d8de905ea3ac82e5a39ff52.csv.gz,,tall_csv,25534,,2026-07-11T16:27:38
2124c549247cf8d66f9e6536f5873641d247beacfbbec5a612ed9fbd2e256094,./data/blobs/21/2124c549247cf8d66f9e6536f5873641d247beacfbbec5a612ed9fbd2e256094.csv.gz,,tall_csv,20180,,2026-07-11T16:27:38
d4cb72dc5cba66ec2fd53f46dd0614539f4971cb836a48c616778b8b7611e2a4,./data/blobs/d4/d4cb72dc5cba66ec2fd53f46dd0614539f4971cb836a48c616778b8b7611e2a4.csv.gz,,tall_csv,68213,,2026-07-11T16:27:38
fa895cc166bd544f501f7d94e829067876bfa18b41bc4da098a0b876ff462c9a,./data/blobs/fa/fa895cc166bd544f501f7d94e829067876bfa18b41bc4da098a0b876ff462c9a.csv.gz,,tall_csv,113566,,2026-07-11T16:27:38
95c25dd0884f2378bb83d71a582377115fb2e2a24ec1dbf8942aeee25fa71104,./data/blobs/95/95c25dd0884f2378bb83d71a582377115fb2e2a24ec1dbf8942aeee25fa71104.csv.gz,,tall_csv,151280,,2026-07-11T16:27:38
0851210a2e80a675e480dda35fe6b6b140d492b3e6dccbba55f47d87475b0091,./data/blobs/08/0851210a2e80a675e480dda35fe6b6b140d492b3e6dccbba55f47d87475b0091.csv.gz,,tall_csv,131858,,2026-07-11T16:27:38
99aafbae1a602b18af8b66baac22a96c6dc37311cfff9129ea27bb1bc33596ec,./data/blobs/99/99aafbae1a602b18af8b66baac22a96c6dc37311cfff9129ea27bb1bc33596ec.csv.gz,,tall_csv,70879,,2026-07-11T16:27:38
d1737bd8083c94abcda4b05e4720bc1aaed6e2eb974ef64f702b5d89ec25cc48,./data/blobs/d1/d1737bd8083c94abcda4b05e4720bc1aaed6e2eb974ef64f702b5d89ec25cc48.csv.gz,,tall_csv,259462,,2026-07-11T16:27:38
f5b78c79248294e838525b52dcd36ec25b40026ea8275833201b356dce80b3b5,./data/blobs/f5/f5b78c79248294e838525b52dcd36ec25b40026ea8275833201b356dce80b3b5.csv.gz,,tall_csv,156196,,2026-07-11T16:27:38
5457ba03e6482f8282e69dcaba1d43b85dc80585e85e826882ffd6ab4bd86659,./data/blobs/54/5457ba03e6482f8282e69dcaba1d43b85dc80585e85e826882ffd6ab4bd86659.csv.gz,,tall_csv,50669,,2026-07-11T16:27:38
95756c64a9e95f6f1332f34e942170d4d0979a857e79f8907397a6f3ef1badbd,./data/blobs/95/95756c64a9e95f6f1332f34e942170d4d0979a857e79f8907397a6f3ef1badbd.csv.gz,,tall_csv,154344,,2026-07-11T16:27:38
bdc047bfba271943f3d64cab01bc4b32eb7666bf226e56fc941bcfcdb2fab1f7,./data/blobs/bd/bdc047bfba271943f3d64cab01bc4b32eb7666bf226e56fc941bcfcdb2fab1f7.csv.gz,,tall_csv,28195,,2026-07-11T16:27:38
3808db521d99f9acc1df9aeceddbd3ceda4d2473d30d2c66a8904d2e19f970e6,./data/blobs/38/3808db521d99f9acc1df9aeceddbd3ceda4d2473d30d2c66a8904d2e19f970e6.csv.gz,,tall_csv,177569,,2026-07-11T16:27:38
f4810e6ff7fdd82d3f52a15280de9666fc457b73296fe872ec3f7b73842829b6,./data/blobs/f4/f4810e6ff7fdd82d3f52a15280de9666fc457b73296fe872ec3f7b73842829b6.csv.gz,,tall_csv,177569,,2026-07-11T16:27:38
4384393cb7def3c61c3300e8d78764806ee0a085adf4a0057ff37af64c2b562e,./data/blobs/43/4384393cb7def3c61c3300e8d78764806ee0a085adf4a0057ff37af64c2b562e.csv.gz,,tall_csv,131471,,2026-07-11T16:27:38
e02ed8399cbfea14d7d69ccb5ec7115a15eb443c67c98b2baa4830095369d00a,./data/blobs/e0/e02ed8399cbfea14d7d69ccb5ec7115a15eb443c67c98b2baa4830095369d00a.csv.gz,,tall_csv,21719,,2026-07-11T16:27:38
12be5bb0a298f50d6bf7c63317d78ff0bd7402bd6f1295e7fc6ff9d35c1cc4c5,./data/blobs/12/12be5bb0a298f50d6bf7c63317d78ff0bd7402bd6f1295e7fc6ff9d35c1cc4c5.csv.gz,,tall_csv,46118,,2026-07-11T16:27:38
601bc492cf89eddf5c2c75b12c8a9d91540bb35e08f21c27fbba256d0b5c4a26,./data/blobs/60/601bc492cf89eddf5c2c75b12c8a9d91540bb35e08f21c27fbba256d0b5c4a26.csv.gz,,tall_csv,67472,,2026-07-11T16:27:38
c911a7cb42e45eae6ff4375b24c7d06f8bd179cfca625ed1e0fa507bb8e20b6a,./data/blobs/c9/c911a7cb42e45eae6ff4375b24c7d06f8bd179cfca625ed1e0fa507bb8e20b6a.csv.gz,,tall_csv,25168,,2026-07-11T16:27:38
7996b74375c96e55c4549f64f405d062d845e4fa961fd7e957e5dba62bf16690,./data/blobs/79/7996b74375c96e55c4549f64f405d062d845e4fa961fd7e957e5dba62bf16690.csv.gz,,tall_csv,193935,,2026-07-11T16:27:38
9c136d53d965e124d0f104ff59a20c14fd3bd539e679c58375e2ed0bae7a5cc7,./data/blobs/9c/9c136d53d965e124d0f104ff59a20c14fd3bd539e679c58375e2ed0bae7a5cc7.csv.gz,,tall_csv,67079,,2026-07-11T16:27:38
0bb4a76518642495ca34869ed1de325475b9486068971550af959489bda360ee,./data/blobs/0b/0bb4a76518642495ca34869ed1de325475b9486068971550af959489bda360ee.csv.gz,,tall_csv,25160,,2026-07-11T16:27:38
56c34c5c9c70becf0ca8f42aab45a70009e313ec6f16c6e240cb616c6d33f756,./data/blobs/56/56c34c5c9c70becf0ca8f42aab45a70009e313ec6f16c6e240cb616c6d33f756.csv.gz,,tall_csv,196254,,2026-07-11T16:27:38
847c41ce4697f4bef56a0ec972e9d22791b170f15e8fcf1e2e0c1f388535f06f,./data/blobs/84/847c41ce4697f4bef56a0ec972e9d22791b170f15e8fcf1e2e0c1f388535f06f.csv.gz,,tall_csv,173765,,2026-07-11T16:27:38
1abc483a5bf25c2293b02cfc4cc93030a6c76129616cc95290296ffcb49a6aa5,./data/blobs/1a/1abc483a5bf25c2293b02cfc4cc93030a6c76129616cc95290296ffcb49a6aa5.csv.gz,,tall_csv,192442,,2026-07-11T16:27:38
9834d7427f7b038359106b24c22c40032b4d8546ea82769d3581b4b7c8fcf4dc,./data/blobs/98/9834d7427f7b038359106b24c22c40032b4d8546ea82769d3581b4b7c8fcf4dc.csv.gz,,tall_csv,152432,,2026-07-11T16:27:38
36e3ea8aa8fa5afe1018f5b25e7189dfee92eea61ba1ef5a61d7ac9283d24563,./data/blobs/36/36e3ea8aa8fa5afe1018f5b25e7189dfee92eea61ba1ef5a61d7ac9283d24563.csv.gz,,tall_csv,176054,,2026-07-11T16:27:38
c7c19d6c503cdf2fc8ca1033523335043b671925655e30fa48387ec57f7c7009,./data/blobs/c7/c7c19d6c503cdf2fc8ca1033523335043b671925655e30fa48387ec57f7c7009.csv.gz,,tall_csv,222906,,2026-07-11T16:27:38
5284d4c134c212a8727336170fd37366665accdbdf6e4c0058dfc462a17ec079,./data/blobs/52/5284d4c134c212a8727336170fd37366665accdbdf6e4c0058dfc462a17ec079.csv.gz,,tall_csv,111238,,2026-07-11T16:27:38
d5d9bd33b346300785c84ce8b4637710fb5f2ff1443bd1d45702ecb83d49f25a,./data/blobs/d5/d5d9bd33b346300785c84ce8b4637710fb5f2ff1443bd1d45702ecb83d49f25a.csv.gz,,tall_csv,21339,,2026-07-11T16:27:38
7ca27a827150ad83d7e7f6c9b5548023f73d7e7e88448f2ff7f51c7547786634,./data/blobs/7c/7ca27a827150ad83d7e7f6c9b5548023f73d7e7e88448f2ff7f51c7547786634.csv.gz,,tall_csv,21339,,2026-07-11T16:27:38
f30c895b6c81480a44dd70f05a57744dec5044e3fa18de5173df844cced8bdc3,./data/blobs/f3/f30c895b6c81480a44dd70f05a57744dec5044e3fa18de5173df844cced8bdc3.csv.gz,,tall_csv,21339,,2026-07-11T16:27:38
60ab5dfce366f47aebbcc87b9c2a66782418b72de8da98d4b3e0cbea1f8b1650,./data/blobs/60/60ab5dfce366f47aebbcc87b9c2a66782418b72de8da98d4b3e0cbea1f8b1650.csv.gz,,tall_csv,150136,,2026-07-11T16:27:38
f2271388b4789c976bfe329252401b8c9f296bc90c5b6ff2ed7bfd40f7f81fb1,./data/blobs/f2/f2271388b4789c976bfe329252401b8c9f296bc90c5b6ff2ed7bfd40f7f81fb1.csv.gz,,tall_csv,183646,,2026-07-11T16:27:38
53d6deb0263e00ffd2ad7d80ba82885a4589d61291074a4510df937dc3f1db63,./data/blobs/53/53d6deb0263e00ffd2ad7d80ba82885a4589d61291074a4510df937dc3f1db63.csv.gz,,tall_csv,170343,,2026-07-11T16:27:38
75305ccd8010d5e6eb96b4a81ad46aeff07285ed5ce6eeae7206331b96aed883,./data/blobs/75/75305ccd8010d5e6eb96b4a81ad46aeff07285ed5ce6eeae7206331b96aed883.csv.gz,,tall_csv,71783,,2026-07-11T16:27:38
d5d5857098f6f7f835bd2b5d6ce0ac8cf2289e5c96517fd9b299e638afd39d3a,./data/blobs/d5/d5d5857098f6f7f835bd2b5d6ce0ac8cf2289e5c96517fd9b299e638afd39d3a.csv.gz,,tall_csv,71783,,2026-07-11T16:27:38
43473f90f56bd1c72a354a0e04bced82e16ae0668832732cd5af5b4dda21a3c9,./data/blobs/43/43473f90f56bd1c72a354a0e04bced82e16ae0668832732cd5af5b4dda21a3c9.csv.gz,,tall_csv,71013,,2026-07-11T16:27:38
32dcee510db5d1c8bfa557e9b2eb81d3458a2055ee319e049dcaface7663d3f0,./data/blobs/32/32dcee510db5d1c8bfa557e9b2eb81d3458a2055ee319e049dcaface7663d3f0.csv.gz,,tall_csv,71013,,2026-07-11T16:27:38
ef10d55e716bf6b07811e20aa8f8e44a970915187053a199363c23f54712e298,./data/blobs/ef/ef10d55e716bf6b07811e20aa8f8e44a970915187053a199363c23f54712e298.csv.gz,,tall_csv,71013,,2026-07-11T16:27:38
09e32e91e149e213b4cf8e2e6eff53f98d8ecb449596047d9c02e4ba07815b26,./data/blobs/09/09e32e91e149e213b4cf8e2e6eff53f98d8ecb449596047d9c02e4ba07815b26.csv.gz,,tall_csv,20192,,2026-07-11T16:27:38
5c236a71e1166fa8f17c4b51ad989dfd4a97ea8014edcc2b8dc000c5a282e4f5,./data/blobs/5c/5c236a71e1166fa8f17c4b51ad989dfd4a97ea8014edcc2b8dc000c5a282e4f5.csv.gz,,tall_csv,52214,,2026-07-11T16:27:38
9e1f5b2956dd09f20b121eca1c427f7c9b8ec8880cfeed74f4921d939408c16f,./data/blobs/9e/9e1f5b2956dd09f20b121eca1c427f7c9b8ec8880cfeed74f4921d939408c16f.csv.gz,,tall_csv,69721,,2026-07-11T16:27:38
94f755fa096a9cdef147dc389f4fdd2c586286573170aa1f6710b299a3b42726,./data/blobs/94/94f755fa096a9cdef147dc389f4fdd2c586286573170aa1f6710b299a3b42726.json.gz,,json,220310,,2026-07-11T16:27:38
1145bbf7ab38de49bfd98ddaec1f8fdc5e43c5929c475a5e4db1afe7f3f7cec6,./data/blobs/11/1145bbf7ab38de49bfd98ddaec1f8fdc5e43c5929c475a5e4db1afe7f3f7cec6.csv.gz,,noncompliant,0,does not match CMS tall/wide/json,2026-07-11T16:27:38
0b2cc70a87f9180175633f7f2225b6057420972843bdcbdb10d04b39b6db5018,./data/blobs/0b/0b2cc70a87f9180175633f7f2225b6057420972843bdcbdb10d04b39b6db5018.csv.gz,,tall_csv,504893,,2026-07-11T16:27:38
90a1256925e6571af588e58b5b41584fc5f46e243ef337e483394ed0e25af4ec,./data/blobs/90/90a1256925e6571af588e58b5b41584fc5f46e243ef337e483394ed0e25af4ec.csv.gz,,noncompliant,0,does not match CMS tall/wide/json,2026-07-11T16:27:38
fd6a43445d9b4c92572e427dbbe29f57a271c8ef613e436ffb628a967c396099,./data/blobs/fd/fd6a43445d9b4c92572e427dbbe29f57a271c8ef613e436ffb628a967c396099.csv.gz,,noncompliant,0,does not match CMS tall/wide/json,2026-07-11T16:27:38
85baeef1c1e46f31753ae12643ef06bc33ca9255f4ad120bef645de305219e89,./data/blobs/85/85baeef1c1e46f31753ae12643ef06bc33ca9255f4ad120bef645de305219e89.csv.gz,,tall_csv,1070065,,2026-07-11T16:27:38
d5ea5b15f3808c1712af8f6d7bdb508c149565bcbc020b3560b8ff50ebea39bd,./data/blobs/d5/d5ea5b15f3808c1712af8f6d7bdb508c149565bcbc020b3560b8ff50ebea39bd.csv.gz,,tall_csv,1358164,,2026-07-11T16:27:38
2ab173ca5d51b2d6a8674402849d19bc1e799b0fc3bf5546a80a14fe9c6cb548,./data/blobs/2a/2ab173ca5d51b2d6a8674402849d19bc1e799b0fc3bf5546a80a14fe9c6cb548.csv.gz,,tall_csv,579108,,2026-07-11T16:27:38
47e3c67e6fe27488627a6ac53f1fcc58e6c17406e08ca307850bd5a4f8635df5,./data/blobs/47/47e3c67e6fe27488627a6ac53f1fcc58e6c17406e08ca307850bd5a4f8635df5.csv.gz,,tall_csv,840793,,2026-07-11T16:27:38
ef269e435594c68c91ba2b4cb0895cca60c4f60de343b8b6b92e9d052b17f888,./data/blobs/ef/ef269e435594c68c91ba2b4cb0895cca60c4f60de343b8b6b92e9d052b17f888.csv.gz,,tall_csv,487874,,2026-07-11T16:27:38
891677648bcbee744133191b924785142d0a699e9009c082c212863b5c2d513d,./data/blobs/89/891677648bcbee744133191b924785142d0a699e9009c082c212863b5c2d513d.csv.gz,,tall_csv,520836,,2026-07-11T16:27:38
602e77926d4ae74f7728bbf027b6c1a2da09cce56132da4134e84108e098f5a2,./data/blobs/60/602e77926d4ae74f7728bbf027b6c1a2da09cce56132da4134e84108e098f5a2.csv.gz,,tall_csv,495640,,2026-07-11T16:27:38
7fc7e3eed13f4645f19d80de828febeacab09bb37b3d64927b2df9e69f1dadb6,./data/blobs/7f/7fc7e3eed13f4645f19d80de828febeacab09bb37b3d64927b2df9e69f1dadb6.csv.gz,,tall_csv,51065,,2026-07-11T16:27:38
28a8b5dcec5a5b1a81df09fd66fa875ea1dcac51a08981ad51c27f0cb9dfb78d,./data/blobs/28/28a8b5dcec5a5b1a81df09fd66fa875ea1dcac51a08981ad51c27f0cb9dfb78d.csv.gz,,noncompliant,0,does not match CMS tall/wide/json,2026-07-11T16:27:38
440d37625051ed9f943be8137520a3801eed21ead00f1367cc0f1cfe32da4614,./data/blobs/44/440d37625051ed9f943be8137520a3801eed21ead00f1367cc0f1cfe32da4614.csv.gz,,noncompliant,0,does not match CMS tall/wide/json,2026-07-11T16:27:38
262c6c894618bd1bfeecff6bca630a807c4f23c14eee91720b3cb0b9008bf979,./data/blobs/26/262c6c894618bd1bfeecff6bca630a807c4f23c14eee91720b3cb0b9008bf979.csv.gz,,noncompliant,0,does not match CMS tall/wide/json,2026-07-11T16:27:38
d36e935f1fbc081ed7b64e14a83522c5a2435b08bd3403a4ded82eb75dae65c7,./data/blobs/d3/d36e935f1fbc081ed7b64e14a83522c5a2435b08bd3403a4ded82eb75dae65c7.csv.gz,,tall_csv,1384254,,2026-07-11T16:27:38
9140add48e01581608b1961bb3eca35f1d23916b7debea9ce78716c069fd824d,./data/blobs/91/9140add48e01581608b1961bb3eca35f1d23916b7debea9ce78716c069fd824d.csv.gz,,noncompliant,0,does not match CMS tall/wide/json,2026-07-11T16:27:38
ebb8778883153689817575c731edc197f7b889b7536566bb47d2712419112130,./data/blobs/eb/ebb8778883153689817575c731edc197f7b889b7536566bb47d2712419112130.csv.gz,,noncompliant,0,does not match CMS tall/wide/json,2026-07-11T16:27:38
8bacfdb8468b5cc45f772fd67857cd04ff82dd09eeb21b0da4068d4ffbe01b66,./data/blobs/8b/8bacfdb8468b5cc45f772fd67857cd04ff82dd09eeb21b0da4068d4ffbe01b66.csv.gz,,noncompliant,0,does not match CMS tall/wide/json,2026-07-11T16:27:38
e00f7cc77a72ac7b72773b504229e471c50f38f7f1680ad4afa2864f3c02b7c8,./data/blobs/e0/e00f7cc77a72ac7b72773b504229e471c50f38f7f1680ad4afa2864f3c02b7c8.csv.gz,,noncompliant,0,does not match CMS tall/wide/json,2026-07-11T16:27:38
9274f56fd254b1b3681f5f196ec5cacb46dcebb40ecaab549ebbac7b60cd2012,./data/blobs/92/9274f56fd254b1b3681f5f196ec5cacb46dcebb40ecaab549ebbac7b60cd2012.csv.gz,,tall_csv,1589462,,2026-07-11T16:27:38
74826e30eecfa817c664f0e1ca5e96df3e3f7a15142811322a009d1a3b432e4e,./data/blobs/74/74826e30eecfa817c664f0e1ca5e96df3e3f7a15142811322a009d1a3b432e4e.csv.gz,,tall_csv,1429613,,2026-07-11T16:27:38
50db6bb6382de86c00e8df0bd4f483e2556dc159ceb2f3f585931311ae06c2c3,./data/blobs/50/50db6bb6382de86c00e8df0bd4f483e2556dc159ceb2f3f585931311ae06c2c3.csv.gz,,tall_csv,1494634,,2026-07-11T16:27:38
1d7cc8691dbc1d3af56f705c8cdd8ffcaee2711de7634ad9a1bcf55931f7628f,./data/blobs/1d/1d7cc8691dbc1d3af56f705c8cdd8ffcaee2711de7634ad9a1bcf55931f7628f.csv.gz,,noncompliant,0,does not match CMS tall/wide/json,2026-07-11T16:27:38
862729474a874bf88b2356457add3bac0c86732a1fffe0194b2084ed461afb06,./data/blobs/86/862729474a874bf88b2356457add3bac0c86732a1fffe0194b2084ed461afb06.csv.gz,,noncompliant,0,does not match CMS tall/wide/json,2026-07-11T16:27:38
e341149f64fa4c66cd4ee673dd104922f9978ff3439e6454caa882d969b973ad,./data/blobs/e3/e341149f64fa4c66cd4ee673dd104922f9978ff3439e6454caa882d969b973ad.csv.gz,,tall_csv,1558871,,2026-07-11T16:27:38
85cd4d354c4b336fc3348090bc6db5c39aac9bcde067d2c19248d2c9be697757,./data/blobs/85/85cd4d354c4b336fc3348090bc6db5c39aac9bcde067d2c19248d2c9be697757.csv.gz,,noncompliant,0,does not match CMS tall/wide/json,2026-07-11T16:27:38
a1d9a87ba78d54ba8cdba20a200efd223de914ec760a8d8d98f37c4c5bbce857,./data/blobs/a1/a1d9a87ba78d54ba8cdba20a200efd223de914ec760a8d8d98f37c4c5bbce857.csv.gz,,noncompliant,0,does not match CMS tall/wide/json,2026-07-11T16:27:38
a7de0b85790482191e359925855804bf95c6c05097990127b332482d7c040a35,./data/blobs/a7/a7de0b85790482191e359925855804bf95c6c05097990127b332482d7c040a35.csv.gz,,noncompliant,0,does not match CMS tall/wide/json,2026-07-11T16:27:38
d2b7a0eb75a2eefb550c7796629be8cfb02ab54719fcb9dc8510c5333b75d41c,./data/blobs/d2/d2b7a0eb75a2eefb550c7796629be8cfb02ab54719fcb9dc8510c5333b75d41c.csv.gz,,noncompliant,0,does not match CMS tall/wide/json,2026-07-11T16:27:38
c523f0a6810cfa535ee37f58b6232e7bb3d6c0457438e30624e202dfeca22b38,./data/blobs/c5/c523f0a6810cfa535ee37f58b6232e7bb3d6c0457438e30624e202dfeca22b38.csv.gz,,tall_csv,200445,,2026-07-11T16:27:38
1db5579111da65871bf5849eee661c494e1a63cfa548b4f436acf201917007df,./data/blobs/1d/1db5579111da65871bf5849eee661c494e1a63cfa548b4f436acf201917007df.csv.gz,,tall_csv,192023,,2026-07-11T16:27:38
ee6f0ec6d461656c721ee7900f9da3545f40023227f275ccf6eeb7493feb016b,./data/blobs/ee/ee6f0ec6d461656c721ee7900f9da3545f40023227f275ccf6eeb7493feb016b.csv.gz,,noncompliant,0,does not match CMS tall/wide/json,2026-07-11T16:27:38
8086d9b77aadaa728ff6e46ad291ddc41b3b897c33ba0a8dd1e81b9c7f718fd4,./data/blobs/80/8086d9b77aadaa728ff6e46ad291ddc41b3b897c33ba0a8dd1e81b9c7f718fd4.csv.gz,,tall_csv,405939,,2026-07-11T16:27:38
fdaa70f06c56d0db8627e1e3f42881440675007a2bcaf24a9ced81c64db42445,./data/blobs/fd/fdaa70f06c56d0db8627e1e3f42881440675007a2bcaf24a9ced81c64db42445.csv.gz,,tall_csv,193713,,2026-07-11T16:27:38
7f778f95e511f62b8896bac77af9040b101fe5b62357c52206e9af808a096a66,./data/blobs/7f/7f778f95e511f62b8896bac77af9040b101fe5b62357c52206e9af808a096a66.csv.gz,,tall_csv,859854,,2026-07-11T16:27:38
929d4cf03d05963d7fc46f4b0eeaffc3da67ea55b7e1d7d792cfa8e61ade6a85,./data/blobs/92/929d4cf03d05963d7fc46f4b0eeaffc3da67ea55b7e1d7d792cfa8e61ade6a85.csv.gz,,noncompliant,0,does not match CMS tall/wide/json,2026-07-11T16:27:38
e1b1ff8428245f05be967b17fbb7c9a9788ac2d50a3accbc769787185bdf5108,./data/blobs/e1/e1b1ff8428245f05be967b17fbb7c9a9788ac2d50a3accbc769787185bdf5108.csv.gz,,noncompliant,0,does not match CMS tall/wide/json,2026-07-11T16:27:38
e45049a6e34cf959e373d43fbc9dd95639bba45248982198bc4054b9e29357ec,./data/blobs/e4/e45049a6e34cf959e373d43fbc9dd95639bba45248982198bc4054b9e29357ec.csv.gz,,noncompliant,0,does not match CMS tall/wide/json,2026-07-11T16:27:38
dec300c4cf065d92c65b9b02bc097db93729e1440a7cabfefff9c6a5be8c9469,./data/blobs/de/dec300c4cf065d92c65b9b02bc097db93729e1440a7cabfefff9c6a5be8c9469.csv.gz,,noncompliant,0,does not match CMS tall/wide/json,2026-07-11T16:27:38
a65ea8f0fdfbe06b6f0881ff9330766ea6c7efd1335ff5241c6b6be57295af96,./data/blobs/a6/a65ea8f0fdfbe06b6f0881ff9330766ea6c7efd1335ff5241c6b6be57295af96.csv.gz,,noncompliant,0,does not match CMS tall/wide/json,2026-07-11T16:27:38
66cb908d5e18843bd54395350ce7b0c69d44b1dcc3bd4c95413a44ae5b393135,./data/blobs/66/66cb908d5e18843bd54395350ce7b0c69d44b1dcc3bd4c95413a44ae5b393135.csv.gz,,tall_csv,768180,,2026-07-11T16:27:38
50d57e95382b9cae4f13f0c1c6c18f4660cd7f19d3d0f1e44b7d7b477d093c16,./data/blobs/50/50d57e95382b9cae4f13f0c1c6c18f4660cd7f19d3d0f1e44b7d7b477d093c16.csv.gz,,tall_csv,17745,,2026-07-11T16:27:38
fba1de81274f61f52a53ec314562b3871d4a8e3089ad6437523c136dd9c24edc,./data/blobs/fb/fba1de81274f61f52a53ec314562b3871d4a8e3089ad6437523c136dd9c24edc.csv.gz,,tall_csv,741487,,2026-07-11T16:27:38
cbb83c83a31e44706aa233350ec14fdff50462726ce57d6889278fcb3bb1b889,./data/blobs/cb/cbb83c83a31e44706aa233350ec14fdff50462726ce57d6889278fcb3bb1b889.csv.gz,,tall_csv,514631,,2026-07-11T16:27:38
6d8d876cca485783c3eab180832b093ba4338fa66c4c7e92260e984c562177df,./data/blobs/6d/6d8d876cca485783c3eab180832b093ba4338fa66c4c7e92260e984c562177df.csv.gz,,tall_csv,514012,,2026-07-11T16:27:38
700a041d8f12721b281d7d8e60274c135e9b913446189a2b463b85a97adb66f6,./data/blobs/70/700a041d8f12721b281d7d8e60274c135e9b913446189a2b463b85a97adb66f6.csv.gz,,tall_csv,574847,,2026-07-11T16:27:38
dbe275aace40f3800c34f9bc70cb12d7e2586fbc8cc6901ab4eca1c8ef8e975d,./data/blobs/db/dbe275aace40f3800c34f9bc70cb12d7e2586fbc8cc6901ab4eca1c8ef8e975d.csv.gz,,tall_csv,173713,,2026-07-11T16:27:38
8670684896cfe16e748d89195b792172613f3278bde49846a37d75d070bf62d7,./data/blobs/86/8670684896cfe16e748d89195b792172613f3278bde49846a37d75d070bf62d7.csv.gz,,tall_csv,1401798,,2026-07-11T16:27:38
074c1eae57683229c758de06e3eeab33f2de91224ee66b338071dee6da52d707,./data/blobs/07/074c1eae57683229c758de06e3eeab33f2de91224ee66b338071dee6da52d707.csv.gz,,tall_csv,299398,,2026-07-11T16:27:38
54b93049575453e8c441f6d4ec828205553fe640794db8d7d10ee361b521e747,./data/blobs/54/54b93049575453e8c441f6d4ec828205553fe640794db8d7d10ee361b521e747.csv.gz,,tall_csv,1469297,,2026-07-11T16:27:38
f8f754a6c3eeea15efc7722a9eef8ac9297b53eaa6780e17a86d7ca0a31bb9d5,./data/blobs/f8/f8f754a6c3eeea15efc7722a9eef8ac9297b53eaa6780e17a86d7ca0a31bb9d5.csv.gz,,noncompliant,0,does not match CMS tall/wide/json,2026-07-11T16:27:38
730e7a23ec5dd488cb8a579336603e754846087f88127f16476e482e8d778d1a,./data/blobs/73/730e7a23ec5dd488cb8a579336603e754846087f88127f16476e482e8d778d1a.csv.gz,,noncompliant,0,does not match CMS tall/wide/json,2026-07-11T16:27:38
8a0796f72237d4e19905ade5e092cec78e8706987cdf79021cd9f8e9fec0381a,./data/blobs/8a/8a0796f72237d4e19905ade5e092cec78e8706987cdf79021cd9f8e9fec0381a.csv.gz,,noncompliant,0,does not match CMS tall/wide/json,2026-07-11T16:27:38
eb66cf17ab118e084adbce5b24fec842cdd4e09fd7dca08af6cdcb8411c38a23,./data/blobs/eb/eb66cf17ab118e084adbce5b24fec842cdd4e09fd7dca08af6cdcb8411c38a23.csv.gz,,noncompliant,0,does not match CMS tall/wide/json,2026-07-11T16:27:38
18aea8457983d75c6054f563ccd1b4b2d951247c58a886f8328d18772825c47a,./data/blobs/18/18aea8457983d75c6054f563ccd1b4b2d951247c58a886f8328d18772825c47a.csv.gz,,noncompliant,0,does not match CMS tall/wide/json,2026-07-11T16:27:38
b148b46e2a7d4c81c554d90f697d7fdf909689aae6e2313a269fa05992b1c351,./data/blobs/b1/b148b46e2a7d4c81c554d90f697d7fdf909689aae6e2313a269fa05992b1c351.csv.gz,,noncompliant,0,does not match CMS tall/wide/json,2026-07-11T16:27:38
e769cde91f53710f53506252a4d5d5cf8b018a1df0ec772ae688a3ca98f3536f,./data/blobs/e7/e769cde91f53710f53506252a4d5d5cf8b018a1df0ec772ae688a3ca98f3536f.csv.gz,,noncompliant,0,does not match CMS tall/wide/json,2026-07-11T16:27:38
9c0b48839824a92ceef3620f9769ea5d8dd3396bcb3ae408b039b815c2b52568,./data/blobs/9c/9c0b48839824a92ceef3620f9769ea5d8dd3396bcb3ae408b039b815c2b52568.csv.gz,,noncompliant,0,does not match CMS tall/wide/json,2026-07-11T16:27:38
44fd1aca6fc1057e6e8250cf3c3f94e1333e4a5af69252c081ecbf18e8ba5f2b,./data/blobs/44/44fd1aca6fc1057e6e8250cf3c3f94e1333e4a5af69252c081ecbf18e8ba5f2b.csv.gz,,noncompliant,0,does not match CMS tall/wide/json,2026-07-11T16:27:38
969e5e4dd5bfa7f72e3d05b5b5239378451c2fd651f9879b97f44272a20c6f3c,./data/blobs/96/969e5e4dd5bfa7f72e3d05b5b5239378451c2fd651f9879b97f44272a20c6f3c.csv.gz,,noncompliant,0,does not match CMS tall/wide/json,2026-07-11T16:27:38
e2c326bda9b7b873edc26bd5f460d927c046942ff31d005a1d8bac055104b21b,./data/blobs/e2/e2c326bda9b7b873edc26bd5f460d927c046942ff31d005a1d8bac055104b21b.csv.gz,,noncompliant,0,does not match CMS tall/wide/json,2026-07-11T16:27:38
3f8e2775fc214e71638f83ac5707030a9289df7dce1edb5eae29dc5a00113d24,./data/blobs/3f/3f8e2775fc214e71638f83ac5707030a9289df7dce1edb5eae29dc5a00113d24.csv.gz,,noncompliant,0,does not match CMS tall/wide/json,2026-07-11T16:27:38
ac6dac66da9310544d18b4a707105a20a003f336fbb14b76986a526eccadbd5e,./data/blobs/ac/ac6dac66da9310544d18b4a707105a20a003f336fbb14b76986a526eccadbd5e.csv.gz,,tall_csv,1100050,,2026-07-11T16:27:38
fef0bc227683e24e0386967c45082755c97bfc65f96f5b83ccf8e909fbc190df,./data/blobs/fe/fef0bc227683e24e0386967c45082755c97bfc65f96f5b83ccf8e909fbc190df.csv.gz,,tall_csv,1108875,,2026-07-11T16:27:38
1778a89f8e8691278f02dcc8cf58451d4a7e2c27f84c98a59e54a104e0b3b8c1,./data/blobs/17/1778a89f8e8691278f02dcc8cf58451d4a7e2c27f84c98a59e54a104e0b3b8c1.csv.gz,,tall_csv,1449950,,2026-07-11T16:27:38
6afb4cfd877b6a8213fdba5fae7d9d3531ab87cbc83f5a6a877a77cb1bcb55d8,./data/blobs/6a/6afb4cfd877b6a8213fdba5fae7d9d3531ab87cbc83f5a6a877a77cb1bcb55d8.csv.gz,,tall_csv,1324869,,2026-07-11T16:27:38
a995d738eb76239e6f65e77283ef351245faa37a297e27871ace739dafe890e3,./data/blobs/a9/a995d738eb76239e6f65e77283ef351245faa37a297e27871ace739dafe890e3.csv.gz,,tall_csv,1057229,,2026-07-11T16:27:38
39ec9963212f199d7888f800519d22dba3d1aa4433cc2a0d0533bba0bad9cef9,./data/blobs/39/39ec9963212f199d7888f800519d22dba3d1aa4433cc2a0d0533bba0bad9cef9.csv.gz,,tall_csv,1000376,,2026-07-11T16:27:38
da21af07e77a03347ad25027aaf4429f32685882196c0759215b440e82ece687,./data/blobs/da/da21af07e77a03347ad25027aaf4429f32685882196c0759215b440e82ece687.csv.gz,,tall_csv,1023762,,2026-07-11T16:27:38
04626518cc6974bca79af9aed9a67995ffbc189937c95e54e6d31acdaa604d03,./data/blobs/04/04626518cc6974bca79af9aed9a67995ffbc189937c95e54e6d31acdaa604d03.csv.gz,,tall_csv,217761,,2026-07-11T16:27:38
32ae160cd2945f6ee21e7490bdf29f6ff98e3bf76165b439b4c402f1f671574a,./data/blobs/32/32ae160cd2945f6ee21e7490bdf29f6ff98e3bf76165b439b4c402f1f671574a.csv.gz,,noncompliant,0,does not match CMS tall/wide/json,2026-07-11T16:27:38
f3c73f7b42331d8959cd1e0ff1abfbd1dbc3766946b7c8e75890b0a48abcd0e8,./data/blobs/f3/f3c73f7b42331d8959cd1e0ff1abfbd1dbc3766946b7c8e75890b0a48abcd0e8.csv.gz,,tall_csv,1062426,,2026-07-11T16:27:38
13cc05c01a2f3bb44711949319cf3e750994cb6cc51be67def6da9228e0ba940,./data/blobs/13/13cc05c01a2f3bb44711949319cf3e750994cb6cc51be67def6da9228e0ba940.csv.gz,,tall_csv,1048573,,2026-07-11T16:27:38
7cfb7eb34b99bee734cd073e1fc35c84c3fa940be176400d4ad06937125c9a1d,./data/blobs/7c/7cfb7eb34b99bee734cd073e1fc35c84c3fa940be176400d4ad06937125c9a1d.csv.gz,,tall_csv,90805,,2026-07-11T16:27:38
a00a1e29fc0b355a0c5ed573366503c2d18c19393ac108d11b1d552d19136f26,./data/blobs/a0/a00a1e29fc0b355a0c5ed573366503c2d18c19393ac108d11b1d552d19136f26.csv.gz,,tall_csv,1030399,,2026-07-11T16:27:38
abb90d1e0ca95a9cfda8965710c7141c7b8fd2e3dd5b28c025dba9c51b773f5b,./data/blobs/ab/abb90d1e0ca95a9cfda8965710c7141c7b8fd2e3dd5b28c025dba9c51b773f5b.ashx.gz,,noncompliant,0,does not match CMS tall/wide/json,2026-07-11T16:27:38
6b3357d978695426d60a45e92e56e87d18ac1c9449115662b71a951b1c3cd416,./data/blobs/6b/6b3357d978695426d60a45e92e56e87d18ac1c9449115662b71a951b1c3cd416.ashx.gz,,noncompliant,0,does not match CMS tall/wide/json,2026-07-11T16:27:38
04aeb24b604f18bde48a0fbf49bc0fd072fa4feee6d68f178b26ee2f53fe4f23,./data/blobs/04/04aeb24b604f18bde48a0fbf49bc0fd072fa4feee6d68f178b26ee2f53fe4f23.ashx.gz,,noncompliant,0,does not match CMS tall/wide/json,2026-07-11T16:27:38
cd5312d771912ba1a5b45dde883c2aeb8b057b24d307ae7cdd800824e27b73d0,./data/blobs/cd/cd5312d771912ba1a5b45dde883c2aeb8b057b24d307ae7cdd800824e27b73d0.ashx.gz,,noncompliant,0,does not match CMS tall/wide/json,2026-07-11T16:27:38
844c0a93531ecdec8ca327f45b23f8f2a832b6c1425b64991e86ea5fc627f56b,./data/blobs/84/844c0a93531ecdec8ca327f45b23f8f2a832b6c1425b64991e86ea5fc627f56b.ashx.gz,,noncompliant,0,does not match CMS tall/wide/json,2026-07-11T16:27:38
0f36c8539916614cab4fc023aec834644ba5b5d75fbb04ac72ce2a4c972da2fe,./data/blobs/0f/0f36c8539916614cab4fc023aec834644ba5b5d75fbb04ac72ce2a4c972da2fe.ashx.gz,,noncompliant,0,does not match CMS tall/wide/json,2026-07-11T16:27:38
19cdea26a594bb4a59d1de37dba714d07554f57b2aaa3d25129e6d16c26d61f1,./data/blobs/19/19cdea26a594bb4a59d1de37dba714d07554f57b2aaa3d25129e6d16c26d61f1.ashx.gz,,noncompliant,0,does not match CMS tall/wide/json,2026-07-11T16:27:38
8e4337c282b75655e4d4776143c37161d1bc56c5793801c55dbbef92a71c3fe5,./data/blobs/8e/8e4337c282b75655e4d4776143c37161d1bc56c5793801c55dbbef92a71c3fe5.ashx.gz,,noncompliant,0,does not match CMS tall/wide/json,2026-07-11T16:27:38
7b6d8ee8fbdd56606d527259fcafd88e0d0980dc6d57b781622cb8465a1e155c,./data/blobs/7b/7b6d8ee8fbdd56606d527259fcafd88e0d0980dc6d57b781622cb8465a1e155c.ashx.gz,,noncompliant,0,does not match CMS tall/wide/json,2026-07-11T16:27:38
504947a92e81323a846283c5479347bf6c602437841964ae17d250b0f0010639,./data/blobs/50/504947a92e81323a846283c5479347bf6c602437841964ae17d250b0f0010639.ashx.gz,,noncompliant,0,does not match CMS tall/wide/json,2026-07-11T16:27:38
ed846abc240e5a0d6c5108853453c46ab599690c5b573caaa8c40a5da7588823,./data/blobs/ed/ed846abc240e5a0d6c5108853453c46ab599690c5b573caaa8c40a5da7588823.ashx.gz,,noncompliant,0,does not match CMS tall/wide/json,2026-07-11T16:27:38
4e2ed01b46f391df786078cf0a4432d759a6b647b0072739ac0de086c44b1838,./data/blobs/4e/4e2ed01b46f391df786078cf0a4432d759a6b647b0072739ac0de086c44b1838.ashx.gz,,noncompliant,0,does not match CMS tall/wide/json,2026-07-11T16:27:38
e08073ffc10e8a5dfafd59fc5c25063414af7d55fbe68010d3684210e607149d,./data/blobs/e0/e08073ffc10e8a5dfafd59fc5c25063414af7d55fbe68010d3684210e607149d.ashx.gz,,noncompliant,0,does not match CMS tall/wide/json,2026-07-11T16:27:38
d5447925ab873b37b8efa6f6be71e0714e33aecefde472ab85cb8cef1d94d88a,./data/blobs/d5/d5447925ab873b37b8efa6f6be71e0714e33aecefde472ab85cb8cef1d94d88a.ashx.gz,,noncompliant,0,does not match CMS tall/wide/json,2026-07-11T16:27:38
1413ed2f1b99437fd655fedcd44ed60f0a1206158e0aeb4a90977829d3335195,./data/blobs/14/1413ed2f1b99437fd655fedcd44ed60f0a1206158e0aeb4a90977829d3335195.ashx.gz,,noncompliant,0,does not match CMS tall/wide/json,2026-07-11T16:27:38
5bd7281a44102ecb578d506d3eaeb2278e75504e67484d9abc265441a0fa7879,./data/blobs/5b/5bd7281a44102ecb578d506d3eaeb2278e75504e67484d9abc265441a0fa7879.ashx.gz,,noncompliant,0,does not match CMS tall/wide/json,2026-07-11T16:27:38
d9a28193e72bc3a7c92ffaeb9a4fefc7a767ff894268adef386f90a488012be6,./data/blobs/d9/d9a28193e72bc3a7c92ffaeb9a4fefc7a767ff894268adef386f90a488012be6.ashx.gz,,noncompliant,0,does not match CMS tall/wide/json,2026-07-11T16:27:38
59ca96a01610681d6bfb7d682959e1636762a3318ef5af33158c92c18d5b502f,./data/blobs/59/59ca96a01610681d6bfb7d682959e1636762a3318ef5af33158c92c18d5b502f.ashx.gz,,noncompliant,0,does not match CMS tall/wide/json,2026-07-11T16:27:38
838106bfcb980ebf3f9d6fe91c25f625e65a1a0947ae994da973f165e757a075,./data/blobs/83/838106bfcb980ebf3f9d6fe91c25f625e65a1a0947ae994da973f165e757a075.ashx.gz,,noncompliant,0,does not match CMS tall/wide/json,2026-07-11T16:27:38
aa771a9f9735708366e5e1eab37539a4381eeb7b4f35bc56af3105615f2177f8,./data/blobs/aa/aa771a9f9735708366e5e1eab37539a4381eeb7b4f35bc56af3105615f2177f8.ashx.gz,,noncompliant,0,does not match CMS tall/wide/json,2026-07-11T16:27:38
a3a2bbaf12327cbd72188edc57b759837711caa8567cdbdb421e8848c2733d67,./data/blobs/a3/a3a2bbaf12327cbd72188edc57b759837711caa8567cdbdb421e8848c2733d67.ashx.gz,,noncompliant,0,does not match CMS tall/wide/json,2026-07-11T16:27:38
882209a1102ce04f5bb5ad4066a160240673fe7727e5e7088d517cdc39ca666b,./data/blobs/88/882209a1102ce04f5bb5ad4066a160240673fe7727e5e7088d517cdc39ca666b.ashx.gz,,noncompliant,0,does not match CMS tall/wide/json,2026-07-11T16:27:38
1c4757533957fe6765a155eb4b08c50729db9af8840a9a97da5a4e95b8eaed81,./data/blobs/1c/1c4757533957fe6765a155eb4b08c50729db9af8840a9a97da5a4e95b8eaed81.ashx.gz,,noncompliant,0,does not match CMS tall/wide/json,2026-07-11T16:27:38
547431bcf1d38187df0461a8ccc6fbfb2142514498031a563717332c5608c715,./data/blobs/54/547431bcf1d38187df0461a8ccc6fbfb2142514498031a563717332c5608c715.ashx.gz,,noncompliant,0,does not match CMS tall/wide/json,2026-07-11T16:27:38
cc432f90793c310f2dac4c1ecf6720598ea564e00e6eeb4f91e84d18ce9dca55,./data/blobs/cc/cc432f90793c310f2dac4c1ecf6720598ea564e00e6eeb4f91e84d18ce9dca55.ashx.gz,,noncompliant,0,does not match CMS tall/wide/json,2026-07-11T16:27:38
ac156875ef6366d374b18a9305208b08c25f9789fbf90f24f10e61b494d19176,./data/blobs/ac/ac156875ef6366d374b18a9305208b08c25f9789fbf90f24f10e61b494d19176.ashx.gz,,noncompliant,0,does not match CMS tall/wide/json,2026-07-11T16:27:38
c670d7b2f8ba8eb8e8d9b883f099a41c31075d00f6a899ed13c43939e1de5670,./data/blobs/c6/c670d7b2f8ba8eb8e8d9b883f099a41c31075d00f6a899ed13c43939e1de5670.ashx.gz,,noncompliant,0,does not match CMS tall/wide/json,2026-07-11T16:27:38
8ab8df6416b1464325b13c7917dc05dbc66cc6bf5374fd535621753bf20df29b,./data/blobs/8a/8ab8df6416b1464325b13c7917dc05dbc66cc6bf5374fd535621753bf20df29b.ashx.gz,,noncompliant,0,does not match CMS tall/wide/json,2026-07-11T16:27:38
91b5531bdd1872bd623925597271b5710ec7fa50ab9c35c3a9009338eb4a26bb,./data/blobs/91/91b5531bdd1872bd623925597271b5710ec7fa50ab9c35c3a9009338eb4a26bb.ashx.gz,,noncompliant,0,does not match CMS tall/wide/json,2026-07-11T16:27:38
c04dff4c33c163642f0494cc7c228997761b50c195a35e20286bdb76a4db92c6,./data/blobs/c0/c04dff4c33c163642f0494cc7c228997761b50c195a35e20286bdb76a4db92c6.ashx.gz,,noncompliant,0,does not match CMS tall/wide/json,2026-07-11T16:27:38
ad841ec16d643012332942504e22145687f4faaf35b93b00e0c3af729d517fb6,./data/blobs/ad/ad841ec16d643012332942504e22145687f4faaf35b93b00e0c3af729d517fb6.ashx.gz,,noncompliant,0,does not match CMS tall/wide/json,2026-07-11T16:27:38
21aa824af974f9dd4363dc53398caac53a2f654abbae2366ced2a69928f91727,./data/blobs/21/21aa824af974f9dd4363dc53398caac53a2f654abbae2366ced2a69928f91727.ashx.gz,,noncompliant,0,does not match CMS tall/wide/json,2026-07-11T16:27:38
3b73f6c2dc1c6b1991aa9c713eba37fe06769405ab83af4aaca4af81f87b263b,./data/blobs/3b/3b73f6c2dc1c6b1991aa9c713eba37fe06769405ab83af4aaca4af81f87b263b.ashx.gz,,noncompliant,0,does not match CMS tall/wide/json,2026-07-11T16:27:38
363309a6c7f8446ada8955a1da63e592a8630eb74d86ff3f3d2e72933f2c4e20,./data/blobs/36/363309a6c7f8446ada8955a1da63e592a8630eb74d86ff3f3d2e72933f2c4e20.json.gz,,json,4439742,,2026-07-11T16:27:38
c60712b25e6e9f480857c27d7cb680a071ce72f0123198c5f8eb1e4ec053986c,./data/blobs/c6/c60712b25e6e9f480857c27d7cb680a071ce72f0123198c5f8eb1e4ec053986c.json.gz,,json,4439621,,2026-07-11T16:27:38
ebdabb24211c9a2177ad3993f0813e5c4ed70854ef9f4eeb8a736d231e25e82a,./data/blobs/eb/ebdabb24211c9a2177ad3993f0813e5c4ed70854ef9f4eeb8a736d231e25e82a.json.gz,,json,4424227,,2026-07-11T16:27:38
71920b0335a3b76b7f72cefe840f5d0d529178df272898c2e9183e719e937cf8,./data/blobs/71/71920b0335a3b76b7f72cefe840f5d0d529178df272898c2e9183e719e937cf8.json.gz,,json,3869971,,2026-07-11T16:27:38
80512f4dd0d675d9e02928b4ba82b3b1bc6b6e48c2c0bddff033d991b87801c7,./data/blobs/80/80512f4dd0d675d9e02928b4ba82b3b1bc6b6e48c2c0bddff033d991b87801c7.json.gz,,json,3859630,,2026-07-11T16:27:38
6519afd8266522370af6263e87acfedcf0fc0446829f065a712b1b8fa8bb7281,./data/blobs/65/6519afd8266522370af6263e87acfedcf0fc0446829f065a712b1b8fa8bb7281.json.gz,,json,3774145,,2026-07-11T16:27:38
18d3ef1073a5d11287e369b598da9478117971b643981e1c7275a0692faf7d36,./data/blobs/18/18d3ef1073a5d11287e369b598da9478117971b643981e1c7275a0692faf7d36.json.gz,,json,183156,,2026-07-11T16:27:38
2a7fd81af7ba724f0c6353c65f34b90c9639d5048ec9fad3d49e8bd85ae63eca,./data/blobs/2a/2a7fd81af7ba724f0c6353c65f34b90c9639d5048ec9fad3d49e8bd85ae63eca.json.gz,,json,6745,,2026-07-11T16:27:38
0442f71292103ac4eb81b401d95c0c99188815231f111b594a933e529f3dcecf,./data/blobs/04/0442f71292103ac4eb81b401d95c0c99188815231f111b594a933e529f3dcecf.json.gz,,json,308029,,2026-07-11T16:27:38
ff377f04b643d7bf1ed837b2881f6ef0cce410233bbce06fac620c91424bd30c,./data/blobs/ff/ff377f04b643d7bf1ed837b2881f6ef0cce410233bbce06fac620c91424bd30c.json.gz,,json,209369,,2026-07-11T16:27:38
61a795608c4145c6bd5720280ed7caa31e969d433be3f2f528a6b3835596b19b,./data/blobs/61/61a795608c4145c6bd5720280ed7caa31e969d433be3f2f528a6b3835596b19b.json.gz,,json,844072,,2026-07-11T16:27:38
66e00a36e1ca0840826f431ee7c69d7641017f23aa3ff04cafa70d4470f16bc0,./data/blobs/66/66e00a36e1ca0840826f431ee7c69d7641017f23aa3ff04cafa70d4470f16bc0.json.gz,,json,1312651,,2026-07-11T16:27:38
840c0b127143f8e887fc1647991bcbdf7a7af14186c854f31271636b408828a1,./data/blobs/84/840c0b127143f8e887fc1647991bcbdf7a7af14186c854f31271636b408828a1.json.gz,,json,3069821,,2026-07-11T16:27:38
e9eed45a5459ff8d533079fa15d75c0c53c84ae28bde0f254d6b4d1e5c6b5e7a,./data/blobs/e9/e9eed45a5459ff8d533079fa15d75c0c53c84ae28bde0f254d6b4d1e5c6b5e7a.json.gz,,json,1827539,,2026-07-11T16:27:38
b843a27a63756b0435ba429ba48f0fbeea69cec43bc070a8dc7ed21f7335db96,./data/blobs/b8/b843a27a63756b0435ba429ba48f0fbeea69cec43bc070a8dc7ed21f7335db96.json.gz,,json,1742534,,2026-07-11T16:27:38
d65af6f3960dd75b63c23c4fb23ca43a1504ffff2780c1fb7cf397c8a11f8ed7,./data/blobs/d6/d65af6f3960dd75b63c23c4fb23ca43a1504ffff2780c1fb7cf397c8a11f8ed7.json.gz,,json,1975271,,2026-07-11T16:27:38
a63c943183ae60c4d43843f5ae2ebd642a498bbb4e0017cbfe2512c82ef81b6d,./data/blobs/a6/a63c943183ae60c4d43843f5ae2ebd642a498bbb4e0017cbfe2512c82ef81b6d.json.gz,,json,1625079,,2026-07-11T16:27:38
cce61ed78e047aad7fe3614a9c5857edb6fc9623a3b4c23f068cb5325eaa2f63,./data/blobs/cc/cce61ed78e047aad7fe3614a9c5857edb6fc9623a3b4c23f068cb5325eaa2f63.json.gz,,json,1967182,,2026-07-11T16:27:38
8591cf2b45d97e4b20e7807aa55f5b2d77331e6463b6562291aeb839cd2161b2,./data/blobs/85/8591cf2b45d97e4b20e7807aa55f5b2d77331e6463b6562291aeb839cd2161b2.json.gz,,json,1593550,,2026-07-11T16:27:38
65330e3fc664de6dadedf0dc26f1e3ef89fefbb780bd8dedb42cf52d32377bdc,./data/blobs/65/65330e3fc664de6dadedf0dc26f1e3ef89fefbb780bd8dedb42cf52d32377bdc.json.gz,,json,1242680,,2026-07-11T16:27:38
90be7e1a1a7d32016735befa9c867265e2cd0905987995ccc2de47447d223a18,./data/blobs/90/90be7e1a1a7d32016735befa9c867265e2cd0905987995ccc2de47447d223a18.csv.gz,,tall_csv,769537,,2026-07-11T16:27:38
f797764ac3dbb482dfb284916b42700cce56747ed37e9f21fb2f35cc6a896460,./data/blobs/f7/f797764ac3dbb482dfb284916b42700cce56747ed37e9f21fb2f35cc6a896460.csv.gz,,tall_csv,831491,,2026-07-11T16:27:38
5b26bc0119d7b9cac73624bf587b5f6ee51765d2fdd097054b5f6ab27a77577e,./data/blobs/5b/5b26bc0119d7b9cac73624bf587b5f6ee51765d2fdd097054b5f6ab27a77577e.csv.gz,,tall_csv,541896,,2026-07-11T16:27:38
49f7dae1f662ac72bc54c9fe22713116ce5d9fff1e8910f1f750044eb257af07,./data/blobs/49/49f7dae1f662ac72bc54c9fe22713116ce5d9fff1e8910f1f750044eb257af07.csv.gz,,tall_csv,996519,,2026-07-11T16:27:38
484af861bb5d384ea28582536b92381be44961821095e054698e08cde8d9477a,./data/blobs/48/484af861bb5d384ea28582536b92381be44961821095e054698e08cde8d9477a.csv.gz,,tall_csv,988773,,2026-07-11T16:27:38
89d67dc91add2c4e5ae41196086453800399a6a95800b644b551ff212f65812e,./data/blobs/89/89d67dc91add2c4e5ae41196086453800399a6a95800b644b551ff212f65812e.csv.gz,,tall_csv,582626,,2026-07-11T16:27:38
b4b90d02032b5598ee046956d7cd240fe2d9d9b7e7118032ab0c3f1f189b893f,./data/blobs/b4/b4b90d02032b5598ee046956d7cd240fe2d9d9b7e7118032ab0c3f1f189b893f.csv.gz,,tall_csv,896589,,2026-07-11T16:27:38
c909cf16461e1b1e4bf53e0a51df281f27eefd09651d0d2c794e83bdc1794e4e,./data/blobs/c9/c909cf16461e1b1e4bf53e0a51df281f27eefd09651d0d2c794e83bdc1794e4e.csv.gz,,tall_csv,799813,,2026-07-11T16:27:38
e75d5310f2823b861c16e20ada4a7bdd3b3994eb180237dffe0e3f2494e0f63e,./data/blobs/e7/e75d5310f2823b861c16e20ada4a7bdd3b3994eb180237dffe0e3f2494e0f63e.csv.gz,,tall_csv,865645,,2026-07-11T16:27:38
a2847d87667c43a43657b2f1ca8723116951f6944c44e29a24077f0d1de142ac,./data/blobs/a2/a2847d87667c43a43657b2f1ca8723116951f6944c44e29a24077f0d1de142ac.csv.gz,,tall_csv,592704,,2026-07-11T16:27:38
3ec0563bee36b4feabe16daec6ec7f4bccdab2a60c59e88abedb377358c72eb5,./data/blobs/3e/3ec0563bee36b4feabe16daec6ec7f4bccdab2a60c59e88abedb377358c72eb5.csv.gz,,tall_csv,744603,,2026-07-11T16:27:38
10ebaa46b88978d9ba24ef04d979c7ce4dd89b3fa2aa190c7ca98502f7ab6b5f,./data/blobs/10/10ebaa46b88978d9ba24ef04d979c7ce4dd89b3fa2aa190c7ca98502f7ab6b5f.csv.gz,,tall_csv,1203589,,2026-07-11T16:27:38
81581131b7ce7070a30a26d1b3ddf62f61dcea765aced6e7af3939997f6a2558,./data/blobs/81/81581131b7ce7070a30a26d1b3ddf62f61dcea765aced6e7af3939997f6a2558.csv.gz,,tall_csv,9249707,,2026-07-11T16:27:38
e90a53dcc9f2d74999fd95817024a2e3c7bc4d95c7b2e41dbd29f1ba5e5dea24,./data/blobs/e9/e90a53dcc9f2d74999fd95817024a2e3c7bc4d95c7b2e41dbd29f1ba5e5dea24.csv.gz,,unreadable,0,could not read blob,2026-07-11T16:27:38
77c51ffd01327c5638b177a821b87acdd9157ad5026470616c5d8028e1359c31,./data/blobs/77/77c51ffd01327c5638b177a821b87acdd9157ad5026470616c5d8028e1359c31.csv.gz,,unreadable,0,could not read blob,2026-07-11T16:27:38
51a0098e7b96760a11479d76ee4c404663c7a8c89a429c9ef005feb12a5c300b,./data/blobs/51/51a0098e7b96760a11479d76ee4c404663c7a8c89a429c9ef005feb12a5c300b.csv.gz,,tall_csv,9249707,,2026-07-11T16:27:38
c4d95eed0daab53fd3652afd2c67f93b2484697c045551d834918b79e1d35ba3,./data/blobs/c4/c4d95eed0daab53fd3652afd2c67f93b2484697c045551d834918b79e1d35ba3.csv.gz,,wide_csv,327869,,2026-07-11T16:27:38
3d023e70668c070752e3170df094a7bda32a5615df53532d76019621c9fb7807,./data/blobs/3d/3d023e70668c070752e3170df094a7bda32a5615df53532d76019621c9fb7807.csv.gz,,noncompliant,0,does not match CMS tall/wide/json,2026-07-11T16:27:38
2033e9be3503b0ab763fa829dfd676e37df5ce24f6e527be220866af5f9c0aae,./data/blobs/20/2033e9be3503b0ab763fa829dfd676e37df5ce24f6e527be220866af5f9c0aae.csv.gz,,tall_csv,1277453,,2026-07-11T16:27:38
2033e9be3503b0ab763fa829dfd676e37df5ce24f6e527be220866af5f9c0aae,./data/blobs/20/2033e9be3503b0ab763fa829dfd676e37df5ce24f6e527be220866af5f9c0aae.csv.gz,,tall_csv,1277453,,2026-07-11T16:27:38
2033e9be3503b0ab763fa829dfd676e37df5ce24f6e527be220866af5f9c0aae,./data/blobs/20/2033e9be3503b0ab763fa829dfd676e37df5ce24f6e527be220866af5f9c0aae.csv.gz,,tall_csv,1277453,,2026-07-11T16:27:38
2033e9be3503b0ab763fa829dfd676e37df5ce24f6e527be220866af5f9c0aae,./data/blobs/20/2033e9be3503b0ab763fa829dfd676e37df5ce24f6e527be220866af5f9c0aae.csv.gz,,tall_csv,1277453,,2026-07-11T16:27:38
5bbd84b7ea6974d0571b48ee0575aeacef1ce2c2622f7cfbf1bdf9e8bd21ee9d,./data/blobs/5b/5bbd84b7ea6974d0571b48ee0575aeacef1ce2c2622f7cfbf1bdf9e8bd21ee9d.csv.gz,,tall_csv,179747,,2026-07-11T16:27:38
5bbd84b7ea6974d0571b48ee0575aeacef1ce2c2622f7cfbf1bdf9e8bd21ee9d,./data/blobs/5b/5bbd84b7ea6974d0571b48ee0575aeacef1ce2c2622f7cfbf1bdf9e8bd21ee9d.csv.gz,,tall_csv,179747,,2026-07-11T16:27:38
5bbd84b7ea6974d0571b48ee0575aeacef1ce2c2622f7cfbf1bdf9e8bd21ee9d,./data/blobs/5b/5bbd84b7ea6974d0571b48ee0575aeacef1ce2c2622f7cfbf1bdf9e8bd21ee9d.csv.gz,,tall_csv,179747,,2026-07-11T16:27:38
5bbd84b7ea6974d0571b48ee0575aeacef1ce2c2622f7cfbf1bdf9e8bd21ee9d,./data/blobs/5b/5bbd84b7ea6974d0571b48ee0575aeacef1ce2c2622f7cfbf1bdf9e8bd21ee9d.csv.gz,,tall_csv,179747,,2026-07-11T16:27:38
92efd26ed4603ebff898c428a1e6cedb59e0284839bd7a51621ec8bf4d8f16b3,./data/blobs/92/92efd26ed4603ebff898c428a1e6cedb59e0284839bd7a51621ec8bf4d8f16b3.csv.gz,,tall_csv,1925586,,2026-07-11T16:27:38
92efd26ed4603ebff898c428a1e6cedb59e0284839bd7a51621ec8bf4d8f16b3,./data/blobs/92/92efd26ed4603ebff898c428a1e6cedb59e0284839bd7a51621ec8bf4d8f16b3.csv.gz,,tall_csv,1925586,,2026-07-11T16:27:38
92efd26ed4603ebff898c428a1e6cedb59e0284839bd7a51621ec8bf4d8f16b3,./data/blobs/92/92efd26ed4603ebff898c428a1e6cedb59e0284839bd7a51621ec8bf4d8f16b3.csv.gz,,tall_csv,1925586,,2026-07-11T16:27:38
92efd26ed4603ebff898c428a1e6cedb59e0284839bd7a51621ec8bf4d8f16b3,./data/blobs/92/92efd26ed4603ebff898c428a1e6cedb59e0284839bd7a51621ec8bf4d8f16b3.csv.gz,,tall_csv,1925586,,2026-07-11T16:27:38
cd18a41f96f7ca7058397ef9f21a389a2fdac5a7373d92c729154ea97850f63f,./data/blobs/cd/cd18a41f96f7ca7058397ef9f21a389a2fdac5a7373d92c729154ea97850f63f.csv.gz,,tall_csv,2000690,,2026-07-11T16:27:38
cd18a41f96f7ca7058397ef9f21a389a2fdac5a7373d92c729154ea97850f63f,./data/blobs/cd/cd18a41f96f7ca7058397ef9f21a389a2fdac5a7373d92c729154ea97850f63f.csv.gz,,tall_csv,2000690,,2026-07-11T16:27:38
cd18a41f96f7ca7058397ef9f21a389a2fdac5a7373d92c729154ea97850f63f,./data/blobs/cd/cd18a41f96f7ca7058397ef9f21a389a2fdac5a7373d92c729154ea97850f63f.csv.gz,,tall_csv,2000690,,2026-07-11T16:27:38
cd18a41f96f7ca7058397ef9f21a389a2fdac5a7373d92c729154ea97850f63f,./data/blobs/cd/cd18a41f96f7ca7058397ef9f21a389a2fdac5a7373d92c729154ea97850f63f.csv.gz,,tall_csv,2000690,,2026-07-11T16:27:38
cb32a4076e79765b7711c4c046b7c8f4536e69897dbea92a862edf7c2809f8da,./data/blobs/cb/cb32a4076e79765b7711c4c046b7c8f4536e69897dbea92a862edf7c2809f8da.csv.gz,,tall_csv,1702269,,2026-07-11T16:27:38
cb32a4076e79765b7711c4c046b7c8f4536e69897dbea92a862edf7c2809f8da,./data/blobs/cb/cb32a4076e79765b7711c4c046b7c8f4536e69897dbea92a862edf7c2809f8da.csv.gz,,tall_csv,1702269,,2026-07-11T16:27:38
cb32a4076e79765b7711c4c046b7c8f4536e69897dbea92a862edf7c2809f8da,./data/blobs/cb/cb32a4076e79765b7711c4c046b7c8f4536e69897dbea92a862edf7c2809f8da.csv.gz,,tall_csv,1702269,,2026-07-11T16:27:38
cb32a4076e79765b7711c4c046b7c8f4536e69897dbea92a862edf7c2809f8da,./data/blobs/cb/cb32a4076e79765b7711c4c046b7c8f4536e69897dbea92a862edf7c2809f8da.csv.gz,,tall_csv,1702269,,2026-07-11T16:27:38
e2e71f085a5a5899543643fd29db415beddd7c62a92ec88437d1f7e35e4ad4e9,./data/blobs/e2/e2e71f085a5a5899543643fd29db415beddd7c62a92ec88437d1f7e35e4ad4e9.csv.gz,,tall_csv,1575561,,2026-07-11T16:27:38
e2e71f085a5a5899543643fd29db415beddd7c62a92ec88437d1f7e35e4ad4e9,./data/blobs/e2/e2e71f085a5a5899543643fd29db415beddd7c62a92ec88437d1f7e35e4ad4e9.csv.gz,,tall_csv,1575561,,2026-07-11T16:27:38
e2e71f085a5a5899543643fd29db415beddd7c62a92ec88437d1f7e35e4ad4e9,./data/blobs/e2/e2e71f085a5a5899543643fd29db415beddd7c62a92ec88437d1f7e35e4ad4e9.csv.gz,,tall_csv,1575561,,2026-07-11T16:27:38
e2e71f085a5a5899543643fd29db415beddd7c62a92ec88437d1f7e35e4ad4e9,./data/blobs/e2/e2e71f085a5a5899543643fd29db415beddd7c62a92ec88437d1f7e35e4ad4e9.csv.gz,,tall_csv,1575561,,2026-07-11T16:27:38
22a4d748707a0cb629b1fc85b7d52145d5892755f06b0462f4bd6e51fce2eea3,./data/blobs/22/22a4d748707a0cb629b1fc85b7d52145d5892755f06b0462f4bd6e51fce2eea3.csv.gz,,tall_csv,1401958,,2026-07-11T16:27:38
22a4d748707a0cb629b1fc85b7d52145d5892755f06b0462f4bd6e51fce2eea3,./data/blobs/22/22a4d748707a0cb629b1fc85b7d52145d5892755f06b0462f4bd6e51fce2eea3.csv.gz,,tall_csv,1401958,,2026-07-11T16:27:38
22a4d748707a0cb629b1fc85b7d52145d5892755f06b0462f4bd6e51fce2eea3,./data/blobs/22/22a4d748707a0cb629b1fc85b7d52145d5892755f06b0462f4bd6e51fce2eea3.csv.gz,,tall_csv,1401958,,2026-07-11T16:27:38
22a4d748707a0cb629b1fc85b7d52145d5892755f06b0462f4bd6e51fce2eea3,./data/blobs/22/22a4d748707a0cb629b1fc85b7d52145d5892755f06b0462f4bd6e51fce2eea3.csv.gz,,tall_csv,1401958,,2026-07-11T16:27:38
79327e4b3c0f10e4764054f14b65fa483f237f4a13a4845c3153daae836399b1,./data/blobs/79/79327e4b3c0f10e4764054f14b65fa483f237f4a13a4845c3153daae836399b1.csv.gz,,tall_csv,1295633,,2026-07-11T16:27:38
79327e4b3c0f10e4764054f14b65fa483f237f4a13a4845c3153daae836399b1,./data/blobs/79/79327e4b3c0f10e4764054f14b65fa483f237f4a13a4845c3153daae836399b1.csv.gz,,tall_csv,1295633,,2026-07-11T16:27:38
79327e4b3c0f10e4764054f14b65fa483f237f4a13a4845c3153daae836399b1,./data/blobs/79/79327e4b3c0f10e4764054f14b65fa483f237f4a13a4845c3153daae836399b1.csv.gz,,tall_csv,1295633,,2026-07-11T16:27:38
79327e4b3c0f10e4764054f14b65fa483f237f4a13a4845c3153daae836399b1,./data/blobs/79/79327e4b3c0f10e4764054f14b65fa483f237f4a13a4845c3153daae836399b1.csv.gz,,tall_csv,1295633,,2026-07-11T16:27:38
0c5db35158b59f21816bd8ea62a20d0d2f28fdb901d75050cb950e6f1f1b7330,./data/blobs/0c/0c5db35158b59f21816bd8ea62a20d0d2f28fdb901d75050cb950e6f1f1b7330.csv.gz,,tall_csv,1619999,,2026-07-11T16:27:38
0c5db35158b59f21816bd8ea62a20d0d2f28fdb901d75050cb950e6f1f1b7330,./data/blobs/0c/0c5db35158b59f21816bd8ea62a20d0d2f28fdb901d75050cb950e6f1f1b7330.csv.gz,,tall_csv,1619999,,2026-07-11T16:27:38
0c5db35158b59f21816bd8ea62a20d0d2f28fdb901d75050cb950e6f1f1b7330,./data/blobs/0c/0c5db35158b59f21816bd8ea62a20d0d2f28fdb901d75050cb950e6f1f1b7330.csv.gz,,tall_csv,1619999,,2026-07-11T16:27:38
0c5db35158b59f21816bd8ea62a20d0d2f28fdb901d75050cb950e6f1f1b7330,./data/blobs/0c/0c5db35158b59f21816bd8ea62a20d0d2f28fdb901d75050cb950e6f1f1b7330.csv.gz,,tall_csv,1619999,,2026-07-11T16:27:38
581cd4f7105559d8b881938c214cb625b3be5138266ad51e4c7f9d91d730e6eb,./data/blobs/58/581cd4f7105559d8b881938c214cb625b3be5138266ad51e4c7f9d91d730e6eb.csv.gz,,tall_csv,1923699,,2026-07-11T16:27:38
581cd4f7105559d8b881938c214cb625b3be5138266ad51e4c7f9d91d730e6eb,./data/blobs/58/581cd4f7105559d8b881938c214cb625b3be5138266ad51e4c7f9d91d730e6eb.csv.gz,,tall_csv,1923699,,2026-07-11T16:27:38
581cd4f7105559d8b881938c214cb625b3be5138266ad51e4c7f9d91d730e6eb,./data/blobs/58/581cd4f7105559d8b881938c214cb625b3be5138266ad51e4c7f9d91d730e6eb.csv.gz,,tall_csv,1923699,,2026-07-11T16:27:38
581cd4f7105559d8b881938c214cb625b3be5138266ad51e4c7f9d91d730e6eb,./data/blobs/58/581cd4f7105559d8b881938c214cb625b3be5138266ad51e4c7f9d91d730e6eb.csv.gz,,tall_csv,1923699,,2026-07-11T16:27:38
54b7b7f01bb05a5ee42bda8fd340fe0f78f2d78ab7cc720ba678bc2f29bf98c8,./data/blobs/54/54b7b7f01bb05a5ee42bda8fd340fe0f78f2d78ab7cc720ba678bc2f29bf98c8.csv.gz,,tall_csv,2104246,,2026-07-11T16:27:38
54b7b7f01bb05a5ee42bda8fd340fe0f78f2d78ab7cc720ba678bc2f29bf98c8,./data/blobs/54/54b7b7f01bb05a5ee42bda8fd340fe0f78f2d78ab7cc720ba678bc2f29bf98c8.csv.gz,,tall_csv,2104246,,2026-07-11T16:27:38
54b7b7f01bb05a5ee42bda8fd340fe0f78f2d78ab7cc720ba678bc2f29bf98c8,./data/blobs/54/54b7b7f01bb05a5ee42bda8fd340fe0f78f2d78ab7cc720ba678bc2f29bf98c8.csv.gz,,tall_csv,2104246,,2026-07-11T16:27:38
54b7b7f01bb05a5ee42bda8fd340fe0f78f2d78ab7cc720ba678bc2f29bf98c8,./data/blobs/54/54b7b7f01bb05a5ee42bda8fd340fe0f78f2d78ab7cc720ba678bc2f29bf98c8.csv.gz,,tall_csv,2104246,,2026-07-11T16:27:38
2345fcdbc32eac7b3e5e46b6cd9ed7bdc1fb14cffd5aff18d74d66e6f2d7412b,./data/blobs/23/2345fcdbc32eac7b3e5e46b6cd9ed7bdc1fb14cffd5aff18d74d66e6f2d7412b.csv.gz,,tall_csv,2086440,,2026-07-11T16:27:38
2345fcdbc32eac7b3e5e46b6cd9ed7bdc1fb14cffd5aff18d74d66e6f2d7412b,./data/blobs/23/2345fcdbc32eac7b3e5e46b6cd9ed7bdc1fb14cffd5aff18d74d66e6f2d7412b.csv.gz,,tall_csv,2086440,,2026-07-11T16:27:38
2345fcdbc32eac7b3e5e46b6cd9ed7bdc1fb14cffd5aff18d74d66e6f2d7412b,./data/blobs/23/2345fcdbc32eac7b3e5e46b6cd9ed7bdc1fb14cffd5aff18d74d66e6f2d7412b.csv.gz,,tall_csv,2086440,,2026-07-11T16:27:38
2345fcdbc32eac7b3e5e46b6cd9ed7bdc1fb14cffd5aff18d74d66e6f2d7412b,./data/blobs/23/2345fcdbc32eac7b3e5e46b6cd9ed7bdc1fb14cffd5aff18d74d66e6f2d7412b.csv.gz,,tall_csv,2086440,,2026-07-11T16:27:38
774d48b5780ded228bf23ec6c4d2b631acd26c622a63d3fb674fc98eeb1233de,./data/blobs/77/774d48b5780ded228bf23ec6c4d2b631acd26c622a63d3fb674fc98eeb1233de.csv.gz,,tall_csv,2378023,,2026-07-11T16:27:38
774d48b5780ded228bf23ec6c4d2b631acd26c622a63d3fb674fc98eeb1233de,./data/blobs/77/774d48b5780ded228bf23ec6c4d2b631acd26c622a63d3fb674fc98eeb1233de.csv.gz,,tall_csv,2378023,,2026-07-11T16:27:38
774d48b5780ded228bf23ec6c4d2b631acd26c622a63d3fb674fc98eeb1233de,./data/blobs/77/774d48b5780ded228bf23ec6c4d2b631acd26c622a63d3fb674fc98eeb1233de.csv.gz,,tall_csv,2378023,,2026-07-11T16:27:38
774d48b5780ded228bf23ec6c4d2b631acd26c622a63d3fb674fc98eeb1233de,./data/blobs/77/774d48b5780ded228bf23ec6c4d2b631acd26c622a63d3fb674fc98eeb1233de.csv.gz,,tall_csv,2378023,,2026-07-11T16:27:38
e9e57fca7689d3c22c16b2e3c069257ccb901ce8e93f4c4e8ba61d8ddb54f674,./data/blobs/e9/e9e57fca7689d3c22c16b2e3c069257ccb901ce8e93f4c4e8ba61d8ddb54f674.csv.gz,,tall_csv,251257,,2026-07-11T16:27:38
e9e57fca7689d3c22c16b2e3c069257ccb901ce8e93f4c4e8ba61d8ddb54f674,./data/blobs/e9/e9e57fca7689d3c22c16b2e3c069257ccb901ce8e93f4c4e8ba61d8ddb54f674.csv.gz,,tall_csv,251257,,2026-07-11T16:27:38
e9e57fca7689d3c22c16b2e3c069257ccb901ce8e93f4c4e8ba61d8ddb54f674,./data/blobs/e9/e9e57fca7689d3c22c16b2e3c069257ccb901ce8e93f4c4e8ba61d8ddb54f674.csv.gz,,tall_csv,251257,,2026-07-11T16:27:38
e9e57fca7689d3c22c16b2e3c069257ccb901ce8e93f4c4e8ba61d8ddb54f674,./data/blobs/e9/e9e57fca7689d3c22c16b2e3c069257ccb901ce8e93f4c4e8ba61d8ddb54f674.csv.gz,,tall_csv,251257,,2026-07-11T16:27:38
9a9b2f2792c3bf2fd8355c44a2eb4ca58d3398cc4068f26f40dd71cdaf8adc6d,./data/blobs/9a/9a9b2f2792c3bf2fd8355c44a2eb4ca58d3398cc4068f26f40dd71cdaf8adc6d.csv.gz,,tall_csv,2336525,,2026-07-11T16:27:38
9a9b2f2792c3bf2fd8355c44a2eb4ca58d3398cc4068f26f40dd71cdaf8adc6d,./data/blobs/9a/9a9b2f2792c3bf2fd8355c44a2eb4ca58d3398cc4068f26f40dd71cdaf8adc6d.csv.gz,,tall_csv,2336525,,2026-07-11T16:27:38
9a9b2f2792c3bf2fd8355c44a2eb4ca58d3398cc4068f26f40dd71cdaf8adc6d,./data/blobs/9a/9a9b2f2792c3bf2fd8355c44a2eb4ca58d3398cc4068f26f40dd71cdaf8adc6d.csv.gz,,tall_csv,2336525,,2026-07-11T16:27:38
9a9b2f2792c3bf2fd8355c44a2eb4ca58d3398cc4068f26f40dd71cdaf8adc6d,./data/blobs/9a/9a9b2f2792c3bf2fd8355c44a2eb4ca58d3398cc4068f26f40dd71cdaf8adc6d.csv.gz,,tall_csv,2336525,,2026-07-11T16:27:38
18087323c966f712721376ec40de92482e3255ab465a4b1f180302de0c43f641,./data/blobs/18/18087323c966f712721376ec40de92482e3255ab465a4b1f180302de0c43f641.csv.gz,,tall_csv,2349792,,2026-07-11T16:27:38
18087323c966f712721376ec40de92482e3255ab465a4b1f180302de0c43f641,./data/blobs/18/18087323c966f712721376ec40de92482e3255ab465a4b1f180302de0c43f641.csv.gz,,tall_csv,2349792,,2026-07-11T16:27:38
18087323c966f712721376ec40de92482e3255ab465a4b1f180302de0c43f641,./data/blobs/18/18087323c966f712721376ec40de92482e3255ab465a4b1f180302de0c43f641.csv.gz,,tall_csv,2349792,,2026-07-11T16:27:38
18087323c966f712721376ec40de92482e3255ab465a4b1f180302de0c43f641,./data/blobs/18/18087323c966f712721376ec40de92482e3255ab465a4b1f180302de0c43f641.csv.gz,,tall_csv,2349792,,2026-07-11T16:27:38
139ae31656935a0bff3e8e3c649ab5b844d7d73361c5287872b44a89768e6303,./data/blobs/13/139ae31656935a0bff3e8e3c649ab5b844d7d73361c5287872b44a89768e6303.csv.gz,,tall_csv,1786018,,2026-07-11T16:27:38
139ae31656935a0bff3e8e3c649ab5b844d7d73361c5287872b44a89768e6303,./data/blobs/13/139ae31656935a0bff3e8e3c649ab5b844d7d73361c5287872b44a89768e6303.csv.gz,,tall_csv,1786018,,2026-07-11T16:27:38
139ae31656935a0bff3e8e3c649ab5b844d7d73361c5287872b44a89768e6303,./data/blobs/13/139ae31656935a0bff3e8e3c649ab5b844d7d73361c5287872b44a89768e6303.csv.gz,,tall_csv,1786018,,2026-07-11T16:27:38
139ae31656935a0bff3e8e3c649ab5b844d7d73361c5287872b44a89768e6303,./data/blobs/13/139ae31656935a0bff3e8e3c649ab5b844d7d73361c5287872b44a89768e6303.csv.gz,,tall_csv,1786018,,2026-07-11T16:27:38
e439b57af33e2f8154bcf33b15372d54c27c9b05ed84c1fabea08cf23821eade,./data/blobs/e4/e439b57af33e2f8154bcf33b15372d54c27c9b05ed84c1fabea08cf23821eade.csv.gz,,tall_csv,1574901,,2026-07-11T16:27:38
e439b57af33e2f8154bcf33b15372d54c27c9b05ed84c1fabea08cf23821eade,./data/blobs/e4/e439b57af33e2f8154bcf33b15372d54c27c9b05ed84c1fabea08cf23821eade.csv.gz,,tall_csv,1574901,,2026-07-11T16:27:38
e439b57af33e2f8154bcf33b15372d54c27c9b05ed84c1fabea08cf23821eade,./data/blobs/e4/e439b57af33e2f8154bcf33b15372d54c27c9b05ed84c1fabea08cf23821eade.csv.gz,,tall_csv,1574901,,2026-07-11T16:27:38
e439b57af33e2f8154bcf33b15372d54c27c9b05ed84c1fabea08cf23821eade,./data/blobs/e4/e439b57af33e2f8154bcf33b15372d54c27c9b05ed84c1fabea08cf23821eade.csv.gz,,tall_csv,1574901,,2026-07-11T16:27:38
f0ddd2ef41f53d691a6bd5a88e1011c0d508963fc79b17bafdc87b7cb6699012,./data/blobs/f0/f0ddd2ef41f53d691a6bd5a88e1011c0d508963fc79b17bafdc87b7cb6699012.csv.gz,,tall_csv,1647313,,2026-07-11T16:27:38
f0ddd2ef41f53d691a6bd5a88e1011c0d508963fc79b17bafdc87b7cb6699012,./data/blobs/f0/f0ddd2ef41f53d691a6bd5a88e1011c0d508963fc79b17bafdc87b7cb6699012.csv.gz,,tall_csv,1647313,,2026-07-11T16:27:38
f0ddd2ef41f53d691a6bd5a88e1011c0d508963fc79b17bafdc87b7cb6699012,./data/blobs/f0/f0ddd2ef41f53d691a6bd5a88e1011c0d508963fc79b17bafdc87b7cb6699012.csv.gz,,tall_csv,1647313,,2026-07-11T16:27:38
f0ddd2ef41f53d691a6bd5a88e1011c0d508963fc79b17bafdc87b7cb6699012,./data/blobs/f0/f0ddd2ef41f53d691a6bd5a88e1011c0d508963fc79b17bafdc87b7cb6699012.csv.gz,,tall_csv,1647313,,2026-07-11T16:27:38
52a93a2700fa5fe2d3b874d1be4f1f37e7b9ddeb6c03abf3618d93fc4e307338,./data/blobs/52/52a93a2700fa5fe2d3b874d1be4f1f37e7b9ddeb6c03abf3618d93fc4e307338.csv.gz,,tall_csv,1687375,,2026-07-11T16:27:38
52a93a2700fa5fe2d3b874d1be4f1f37e7b9ddeb6c03abf3618d93fc4e307338,./data/blobs/52/52a93a2700fa5fe2d3b874d1be4f1f37e7b9ddeb6c03abf3618d93fc4e307338.csv.gz,,tall_csv,1687375,,2026-07-11T16:27:38
52a93a2700fa5fe2d3b874d1be4f1f37e7b9ddeb6c03abf3618d93fc4e307338,./data/blobs/52/52a93a2700fa5fe2d3b874d1be4f1f37e7b9ddeb6c03abf3618d93fc4e307338.csv.gz,,tall_csv,1687375,,2026-07-11T16:27:38
52a93a2700fa5fe2d3b874d1be4f1f37e7b9ddeb6c03abf3618d93fc4e307338,./data/blobs/52/52a93a2700fa5fe2d3b874d1be4f1f37e7b9ddeb6c03abf3618d93fc4e307338.csv.gz,,tall_csv,1687375,,2026-07-11T16:27:38
69a2dc8d9075d82fd55125d74f088da3688cabe90d438331be20bac628acbdff,./data/blobs/69/69a2dc8d9075d82fd55125d74f088da3688cabe90d438331be20bac628acbdff.csv.gz,,tall_csv,1851131,,2026-07-11T16:27:38
69a2dc8d9075d82fd55125d74f088da3688cabe90d438331be20bac628acbdff,./data/blobs/69/69a2dc8d9075d82fd55125d74f088da3688cabe90d438331be20bac628acbdff.csv.gz,,tall_csv,1851131,,2026-07-11T16:27:38
69a2dc8d9075d82fd55125d74f088da3688cabe90d438331be20bac628acbdff,./data/blobs/69/69a2dc8d9075d82fd55125d74f088da3688cabe90d438331be20bac628acbdff.csv.gz,,tall_csv,1851131,,2026-07-11T16:27:38
69a2dc8d9075d82fd55125d74f088da3688cabe90d438331be20bac628acbdff,./data/blobs/69/69a2dc8d9075d82fd55125d74f088da3688cabe90d438331be20bac628acbdff.csv.gz,,tall_csv,1851131,,2026-07-11T16:27:38
e85dcebd4c6a5ada617ea878db79308f374c4bc6b54f09bbbf01b14ed6ba8ede,./data/blobs/e8/e85dcebd4c6a5ada617ea878db79308f374c4bc6b54f09bbbf01b14ed6ba8ede.csv.gz,,tall_csv,1642342,,2026-07-11T16:27:38
e85dcebd4c6a5ada617ea878db79308f374c4bc6b54f09bbbf01b14ed6ba8ede,./data/blobs/e8/e85dcebd4c6a5ada617ea878db79308f374c4bc6b54f09bbbf01b14ed6ba8ede.csv.gz,,tall_csv,1642342,,2026-07-11T16:27:38
e85dcebd4c6a5ada617ea878db79308f374c4bc6b54f09bbbf01b14ed6ba8ede,./data/blobs/e8/e85dcebd4c6a5ada617ea878db79308f374c4bc6b54f09bbbf01b14ed6ba8ede.csv.gz,,tall_csv,1642342,,2026-07-11T16:27:38
e85dcebd4c6a5ada617ea878db79308f374c4bc6b54f09bbbf01b14ed6ba8ede,./data/blobs/e8/e85dcebd4c6a5ada617ea878db79308f374c4bc6b54f09bbbf01b14ed6ba8ede.csv.gz,,tall_csv,1642342,,2026-07-11T16:27:38
eb54a9c93bc75b38f9d8f54f13b993983e56481e709c0dcd2cf6cc355444a944,./data/blobs/eb/eb54a9c93bc75b38f9d8f54f13b993983e56481e709c0dcd2cf6cc355444a944.csv.gz,,tall_csv,1685353,,2026-07-11T16:27:38
eb54a9c93bc75b38f9d8f54f13b993983e56481e709c0dcd2cf6cc355444a944,./data/blobs/eb/eb54a9c93bc75b38f9d8f54f13b993983e56481e709c0dcd2cf6cc355444a944.csv.gz,,tall_csv,1685353,,2026-07-11T16:27:38
eb54a9c93bc75b38f9d8f54f13b993983e56481e709c0dcd2cf6cc355444a944,./data/blobs/eb/eb54a9c93bc75b38f9d8f54f13b993983e56481e709c0dcd2cf6cc355444a944.csv.gz,,tall_csv,1685353,,2026-07-11T16:27:38
eb54a9c93bc75b38f9d8f54f13b993983e56481e709c0dcd2cf6cc355444a944,./data/blobs/eb/eb54a9c93bc75b38f9d8f54f13b993983e56481e709c0dcd2cf6cc355444a944.csv.gz,,tall_csv,1685353,,2026-07-11T16:27:38
6624c50fe82c288228bcbd217b1fcb782f5308592fd0b31bc8b70eae3dcc726d,./data/blobs/66/6624c50fe82c288228bcbd217b1fcb782f5308592fd0b31bc8b70eae3dcc726d.csv.gz,,tall_csv,1558536,,2026-07-11T16:27:38
6624c50fe82c288228bcbd217b1fcb782f5308592fd0b31bc8b70eae3dcc726d,./data/blobs/66/6624c50fe82c288228bcbd217b1fcb782f5308592fd0b31bc8b70eae3dcc726d.csv.gz,,tall_csv,1558536,,2026-07-11T16:27:38
6624c50fe82c288228bcbd217b1fcb782f5308592fd0b31bc8b70eae3dcc726d,./data/blobs/66/6624c50fe82c288228bcbd217b1fcb782f5308592fd0b31bc8b70eae3dcc726d.csv.gz,,tall_csv,1558536,,2026-07-11T16:27:38
6624c50fe82c288228bcbd217b1fcb782f5308592fd0b31bc8b70eae3dcc726d,./data/blobs/66/6624c50fe82c288228bcbd217b1fcb782f5308592fd0b31bc8b70eae3dcc726d.csv.gz,,tall_csv,1558536,,2026-07-11T16:27:38
349b881e941ec489626c6e39e953173c774333eeaa28b29af38d3cbd2a9d3c11,./data/blobs/34/349b881e941ec489626c6e39e953173c774333eeaa28b29af38d3cbd2a9d3c11.csv.gz,,tall_csv,1239469,,2026-07-11T16:27:38
349b881e941ec489626c6e39e953173c774333eeaa28b29af38d3cbd2a9d3c11,./data/blobs/34/349b881e941ec489626c6e39e953173c774333eeaa28b29af38d3cbd2a9d3c11.csv.gz,,tall_csv,1239469,,2026-07-11T16:27:38
349b881e941ec489626c6e39e953173c774333eeaa28b29af38d3cbd2a9d3c11,./data/blobs/34/349b881e941ec489626c6e39e953173c774333eeaa28b29af38d3cbd2a9d3c11.csv.gz,,tall_csv,1239469,,2026-07-11T16:27:38
349b881e941ec489626c6e39e953173c774333eeaa28b29af38d3cbd2a9d3c11,./data/blobs/34/349b881e941ec489626c6e39e953173c774333eeaa28b29af38d3cbd2a9d3c11.csv.gz,,tall_csv,1239469,,2026-07-11T16:27:38
5c62366d16f9db1d5c7051a14db737ae3ff450fe755a4113fd6669ee9b8b5ecc,./data/blobs/5c/5c62366d16f9db1d5c7051a14db737ae3ff450fe755a4113fd6669ee9b8b5ecc.csv.gz,,tall_csv,1464660,,2026-07-11T16:27:38
5c62366d16f9db1d5c7051a14db737ae3ff450fe755a4113fd6669ee9b8b5ecc,./data/blobs/5c/5c62366d16f9db1d5c7051a14db737ae3ff450fe755a4113fd6669ee9b8b5ecc.csv.gz,,tall_csv,1464660,,2026-07-11T16:27:38
5c62366d16f9db1d5c7051a14db737ae3ff450fe755a4113fd6669ee9b8b5ecc,./data/blobs/5c/5c62366d16f9db1d5c7051a14db737ae3ff450fe755a4113fd6669ee9b8b5ecc.csv.gz,,tall_csv,1464660,,2026-07-11T16:27:38
5c62366d16f9db1d5c7051a14db737ae3ff450fe755a4113fd6669ee9b8b5ecc,./data/blobs/5c/5c62366d16f9db1d5c7051a14db737ae3ff450fe755a4113fd6669ee9b8b5ecc.csv.gz,,tall_csv,1464660,,2026-07-11T16:27:38
0ddb92d429ce9360735093ef927e1e316f311efb1962c55de59c05eb09a1592c,./data/blobs/0d/0ddb92d429ce9360735093ef927e1e316f311efb1962c55de59c05eb09a1592c.csv.gz,,tall_csv,1470835,,2026-07-11T16:27:38
0ddb92d429ce9360735093ef927e1e316f311efb1962c55de59c05eb09a1592c,./data/blobs/0d/0ddb92d429ce9360735093ef927e1e316f311efb1962c55de59c05eb09a1592c.csv.gz,,tall_csv,1470835,,2026-07-11T16:27:38
0ddb92d429ce9360735093ef927e1e316f311efb1962c55de59c05eb09a1592c,./data/blobs/0d/0ddb92d429ce9360735093ef927e1e316f311efb1962c55de59c05eb09a1592c.csv.gz,,tall_csv,1470835,,2026-07-11T16:27:38
0ddb92d429ce9360735093ef927e1e316f311efb1962c55de59c05eb09a1592c,./data/blobs/0d/0ddb92d429ce9360735093ef927e1e316f311efb1962c55de59c05eb09a1592c.csv.gz,,tall_csv,1470835,,2026-07-11T16:27:38
6f094cf1d23ec367093282efc9eca7ab1f3114ef0be9d7e414837fd3725119ae,./data/blobs/6f/6f094cf1d23ec367093282efc9eca7ab1f3114ef0be9d7e414837fd3725119ae.csv.gz,,tall_csv,1855546,,2026-07-11T16:27:38
6f094cf1d23ec367093282efc9eca7ab1f3114ef0be9d7e414837fd3725119ae,./data/blobs/6f/6f094cf1d23ec367093282efc9eca7ab1f3114ef0be9d7e414837fd3725119ae.csv.gz,,tall_csv,1855546,,2026-07-11T16:27:38
6f094cf1d23ec367093282efc9eca7ab1f3114ef0be9d7e414837fd3725119ae,./data/blobs/6f/6f094cf1d23ec367093282efc9eca7ab1f3114ef0be9d7e414837fd3725119ae.csv.gz,,tall_csv,1855546,,2026-07-11T16:27:38
6f094cf1d23ec367093282efc9eca7ab1f3114ef0be9d7e414837fd3725119ae,./data/blobs/6f/6f094cf1d23ec367093282efc9eca7ab1f3114ef0be9d7e414837fd3725119ae.csv.gz,,tall_csv,1855546,,2026-07-11T16:27:38
6de6145ef299b20f9ec3c2c836df61b9418cebd966b7b6e90a55e8dfd8c96172,./data/blobs/6d/6de6145ef299b20f9ec3c2c836df61b9418cebd966b7b6e90a55e8dfd8c96172.csv.gz,,tall_csv,1755456,,2026-07-11T16:27:38
6de6145ef299b20f9ec3c2c836df61b9418cebd966b7b6e90a55e8dfd8c96172,./data/blobs/6d/6de6145ef299b20f9ec3c2c836df61b9418cebd966b7b6e90a55e8dfd8c96172.csv.gz,,tall_csv,1755456,,2026-07-11T16:27:38
6de6145ef299b20f9ec3c2c836df61b9418cebd966b7b6e90a55e8dfd8c96172,./data/blobs/6d/6de6145ef299b20f9ec3c2c836df61b9418cebd966b7b6e90a55e8dfd8c96172.csv.gz,,tall_csv,1755456,,2026-07-11T16:27:38
6de6145ef299b20f9ec3c2c836df61b9418cebd966b7b6e90a55e8dfd8c96172,./data/blobs/6d/6de6145ef299b20f9ec3c2c836df61b9418cebd966b7b6e90a55e8dfd8c96172.csv.gz,,tall_csv,1755456,,2026-07-11T16:27:38
d30a0039b15ec4d03c2ebf4a08cc625d3b1a2148b9c42d93118228525ed43b9c,./data/blobs/d3/d30a0039b15ec4d03c2ebf4a08cc625d3b1a2148b9c42d93118228525ed43b9c.csv.gz,,tall_csv,1655126,,2026-07-11T16:27:38
d30a0039b15ec4d03c2ebf4a08cc625d3b1a2148b9c42d93118228525ed43b9c,./data/blobs/d3/d30a0039b15ec4d03c2ebf4a08cc625d3b1a2148b9c42d93118228525ed43b9c.csv.gz,,tall_csv,1655126,,2026-07-11T16:27:38
d30a0039b15ec4d03c2ebf4a08cc625d3b1a2148b9c42d93118228525ed43b9c,./data/blobs/d3/d30a0039b15ec4d03c2ebf4a08cc625d3b1a2148b9c42d93118228525ed43b9c.csv.gz,,tall_csv,1655126,,2026-07-11T16:27:38
d30a0039b15ec4d03c2ebf4a08cc625d3b1a2148b9c42d93118228525ed43b9c,./data/blobs/d3/d30a0039b15ec4d03c2ebf4a08cc625d3b1a2148b9c42d93118228525ed43b9c.csv.gz,,tall_csv,1655126,,2026-07-11T16:27:38
f27f355c9f0a2605dd2c4fb9855bc3185b937338fad2d514be92c581f8171366,./data/blobs/f2/f27f355c9f0a2605dd2c4fb9855bc3185b937338fad2d514be92c581f8171366.csv.gz,,wide_csv,619025,,2026-07-11T16:27:38
69dff08167947b87b532286eac95d126b9786280c2376d90aec35ab3d6cf585c,./data/blobs/69/69dff08167947b87b532286eac95d126b9786280c2376d90aec35ab3d6cf585c.json.gz,,json,13604,,2026-07-11T16:27:38
168fddfcc588391f86f8a755083e985845333b6570bfce29fa7deeee33e23d6f,./data/blobs/16/168fddfcc588391f86f8a755083e985845333b6570bfce29fa7deeee33e23d6f.json.gz,,json,13436,,2026-07-11T16:27:38
86bab0e08b9dac74dc1c3c0a7ea45342a57f323d3433465b3b53b53661a8d916,./data/blobs/86/86bab0e08b9dac74dc1c3c0a7ea45342a57f323d3433465b3b53b53661a8d916.json.gz,,json,52540,,2026-07-11T16:27:38
0acfa0f81032559d95671acf41212b3a942e76c7cedd501df924cef934414110,./data/blobs/0a/0acfa0f81032559d95671acf41212b3a942e76c7cedd501df924cef934414110.csv.gz,,tall_csv,327022,,2026-07-11T16:27:38
1b2490609bcf109ab0cb8e889f41b221879d1eca4627129cd198cf5dd4a70c87,./data/blobs/1b/1b2490609bcf109ab0cb8e889f41b221879d1eca4627129cd198cf5dd4a70c87.csv.gz,,tall_csv,352967,,2026-07-11T16:27:38
6ca0475681cb558d2d17198c1f38db01c52b453709a2b873a339d684c214ca74,./data/blobs/6c/6ca0475681cb558d2d17198c1f38db01c52b453709a2b873a339d684c214ca74.zip,272618766_sumner-regional-medical-center_standardcharges.csv,wide_csv,198783,,2026-07-11T16:27:38
6ca0475681cb558d2d17198c1f38db01c52b453709a2b873a339d684c214ca74,./data/blobs/6c/6ca0475681cb558d2d17198c1f38db01c52b453709a2b873a339d684c214ca74.zip,__MACOSX/._272618766_sumner-regional-medical-center_standardcharges.csv,noncompliant,0,does not match CMS tall/wide/json,2026-07-11T16:27:38
881622943955b2cd095e0931dd638f61b644531fa85d7d14eead3c9788a11e19,./data/blobs/88/881622943955b2cd095e0931dd638f61b644531fa85d7d14eead3c9788a11e19.zip,272618876_trousdale-medical-center_standardcharges.csv,wide_csv,223478,,2026-07-11T16:27:38
881622943955b2cd095e0931dd638f61b644531fa85d7d14eead3c9788a11e19,./data/blobs/88/881622943955b2cd095e0931dd638f61b644531fa85d7d14eead3c9788a11e19.zip,__MACOSX/._272618876_trousdale-medical-center_standardcharges.csv,noncompliant,0,does not match CMS tall/wide/json,2026-07-11T16:27:38
63cb9b04f01ac273134779a66c604cca74d783174e47225ca532ffe36213a736,./data/blobs/63/63cb9b04f01ac273134779a66c604cca74d783174e47225ca532ffe36213a736.zip,621762469_riverview-regional-medical-center_standardcharges.csv,wide_csv,91820,,2026-07-11T16:27:38
63cb9b04f01ac273134779a66c604cca74d783174e47225ca532ffe36213a736,./data/blobs/63/63cb9b04f01ac273134779a66c604cca74d783174e47225ca532ffe36213a736.zip,__MACOSX/._621762469_riverview-regional-medical-center_standardcharges.csv,noncompliant,0,does not match CMS tall/wide/json,2026-07-11T16:27:38
712d61769f5bc54dfaadbcd862d2db89a518acc9481c4cebd6c996d636c56348,./data/blobs/71/712d61769f5bc54dfaadbcd862d2db89a518acc9481c4cebd6c996d636c56348.csv.gz,,wide_csv,70388,,2026-07-11T16:27:38
3491385db9b979bd19702e74d472e8f660ad17a8840589e3e022ed17a201aba4,./data/blobs/34/3491385db9b979bd19702e74d472e8f660ad17a8840589e3e022ed17a201aba4.csv.gz,,tall_csv,235666,,2026-07-11T16:27:38
ee5b0a2e3093fcc65e2fe27bac19d408383599b56eb4d7671cf7fc2e3c6d0531,./data/blobs/ee/ee5b0a2e3093fcc65e2fe27bac19d408383599b56eb4d7671cf7fc2e3c6d0531.csv.gz,,tall_csv,1158030,,2026-07-11T16:27:38
2df1b0a5482e5a5070f329372794891c2d9d8226dba5bfbdebc903b3628109d3,./data/blobs/2d/2df1b0a5482e5a5070f329372794891c2d9d8226dba5bfbdebc903b3628109d3.csv.gz,,tall_csv,682059,,2026-07-11T16:27:38
a27e9069b0c4a35decdf23d0e84818bbe0692ae56573c3d75f82be479935e82e,./data/blobs/a2/a27e9069b0c4a35decdf23d0e84818bbe0692ae56573c3d75f82be479935e82e.csv.gz,,tall_csv,158730,,2026-07-11T16:27:38
589a7571e16af7d8afa94afc7e632847c7891c2ec7813fd881ab09b9a87fb340,./data/blobs/58/589a7571e16af7d8afa94afc7e632847c7891c2ec7813fd881ab09b9a87fb340.csv.gz,,tall_csv,219692,,2026-07-11T16:27:38
5deb7d04c01490f64b675d56ee422a36ccd2c7f107c9c136e63ea1013a8fb442,./data/blobs/5d/5deb7d04c01490f64b675d56ee422a36ccd2c7f107c9c136e63ea1013a8fb442.csv.gz,,tall_csv,231750,,2026-07-11T16:27:38
70e5ca770189336a401b45f02a2235279c7a0727b7ea277460337144ad7098ff,./data/blobs/70/70e5ca770189336a401b45f02a2235279c7a0727b7ea277460337144ad7098ff.csv.gz,,tall_csv,63134,,2026-07-11T16:27:38
0cb19d9d460a1813cce0b2a140f2360469c6f542b36b93580e3f345680733d6f,./data/blobs/0c/0cb19d9d460a1813cce0b2a140f2360469c6f542b36b93580e3f345680733d6f.csv.gz,,tall_csv,63134,,2026-07-11T16:27:38
cdf433aa4daf59b35579b628a93dcaf043f85deed8af4cdd309901a6b4c5ed2e,./data/blobs/cd/cdf433aa4daf59b35579b628a93dcaf043f85deed8af4cdd309901a6b4c5ed2e.csv.gz,,tall_csv,63134,,2026-07-11T16:27:38
46d7cfe79d6b500298cc9791ed071e16951aca0ca74c6be64a9fafd664f925e2,./data/blobs/46/46d7cfe79d6b500298cc9791ed071e16951aca0ca74c6be64a9fafd664f925e2.csv.gz,,tall_csv,63135,,2026-07-11T16:27:38
8d4dbcb4f08c15750f3ef8a4cfb737a4b4eb05530f18ec4f72e8a65546b421e1,./data/blobs/8d/8d4dbcb4f08c15750f3ef8a4cfb737a4b4eb05530f18ec4f72e8a65546b421e1.csv.gz,,tall_csv,63134,,2026-07-11T16:27:38
6a9c5e9d358c79f90816e4fdf541460c2a05254e59a546bd2b301ec141f4f612,./data/blobs/6a/6a9c5e9d358c79f90816e4fdf541460c2a05254e59a546bd2b301ec141f4f612.csv.gz,,tall_csv,60291,,2026-07-11T16:27:38
8048221894504d1c9f41d2f02cad4150f5833620ea1e8ce0e394c7a9f6af7162,./data/blobs/80/8048221894504d1c9f41d2f02cad4150f5833620ea1e8ce0e394c7a9f6af7162.csv.gz,,tall_csv,586,,2026-07-11T16:27:38
9d8e79cc9977aa78f2dc08e8a1527e8236944edbad32b98bf1d07fafae1f6f49,./data/blobs/9d/9d8e79cc9977aa78f2dc08e8a1527e8236944edbad32b98bf1d07fafae1f6f49.csv.gz,,tall_csv,56550,,2026-07-11T16:27:38
f4841331a5b66d1a4a9169524519defd51d972e8770af242159810bc2c334df7,./data/blobs/f4/f4841331a5b66d1a4a9169524519defd51d972e8770af242159810bc2c334df7.csv.gz,,tall_csv,53461,,2026-07-11T16:27:38
e168ff5e9eaa0fbdb051197716f5632cd372c7d58ecabf98548e158db90e13e6,./data/blobs/e1/e168ff5e9eaa0fbdb051197716f5632cd372c7d58ecabf98548e158db90e13e6.csv.gz,,tall_csv,84820,,2026-07-11T16:27:38
f449d6a59bf43d9d44dd5e54f1d12229221cb8376a9b8096081e6dbabdb8e152,./data/blobs/f4/f449d6a59bf43d9d44dd5e54f1d12229221cb8376a9b8096081e6dbabdb8e152.csv.gz,,tall_csv,80416,,2026-07-11T16:27:38
754c08cbd3aa5c19092cd60189cfef4241cc803a515c87e1cea69c95c21d16a8,./data/blobs/75/754c08cbd3aa5c19092cd60189cfef4241cc803a515c87e1cea69c95c21d16a8.csv.gz,,tall_csv,62408,,2026-07-11T16:27:38
3b6888bc6e6efd3e293e25ec369c5b311ac54775703827382083aff3267da835,./data/blobs/3b/3b6888bc6e6efd3e293e25ec369c5b311ac54775703827382083aff3267da835.csv.gz,,tall_csv,99383,,2026-07-11T16:27:38
